pedido_id,idade_cliente,cidade,categoria,tipo_cliente,forma_pagamento,quantidade,preco_unitario,desconto,valor_total
1,18,SP,Eletronicos,Novo,Cartao,1,596.0,0.0,596.0
2,29,RJ,Esporte,Recorrente,Boleto,2,178.26,0.05,338.69
3,40,MG,Moda,VIP,Pix,3,117.49,0.15,299.6
4,51,BA,Livros,Novo,Cartao,4,49.8,0.0,199.2
5,62,PR,Casa,Recorrente,Boleto,5,254.0,0.05,1206.5
6,20,SP,Eletronicos,VIP,Pix,1,525.08,0.15,446.32
7,31,RJ,Esporte,Novo,Cartao,2,190.8,0.0,381.6
8,42,MG,Moda,Recorrente,Boleto,3,128.72,0.05,366.85
9,53,BA,Livros,VIP,Pix,4,45.62,0.15,155.11
10,64,PR,Casa,Novo,Cartao,5,270.0,0.0,1350.0
11,22,SP,Eletronicos,Recorrente,Boleto,1,571.2,0.05,542.64
12,33,RJ,Esporte,VIP,Pix,2,170.9,0.15,290.53
13,44,MG,Moda,Novo,Cartao,3,137.6,0.0,412.8
14,55,BA,Livros,Recorrente,Boleto,4,52.81,0.05,200.68
15,66,PR,Casa,VIP,Pix,5,241.8,0.15,1027.65
16,24,SP,Eletronicos,Novo,Cartao,1,605.0,0.0,605.0
17,35,RJ,Esporte,Recorrente,Boleto,2,187.26,0.05,355.79
18,46,MG,Moda,VIP,Pix,3,85.49,0.15,218.0
19,57,BA,Livros,Novo,Cartao,4,58.8,0.0,235.2
20,68,PR,Casa,Recorrente,Boleto,5,263.0,0.05,1249.25
21,26,SP,Eletronicos,VIP,Pix,1,534.08,0.15,453.97
22,37,RJ,Esporte,Novo,Cartao,2,199.8,0.0,399.6
23,48,MG,Moda,Recorrente,Boleto,3,96.72,0.05,275.65
24,59,BA,Livros,VIP,Pix,4,54.62,0.15,185.71
25,70,PR,Casa,Novo,Cartao,5,279.0,0.0,1395.0
26,28,SP,Eletronicos,Recorrente,Boleto,1,580.2,0.05,551.19
27,39,RJ,Esporte,VIP,Pix,2,179.9,0.15,305.83
28,50,MG,Moda,Novo,Cartao,3,105.6,0.0,316.8
29,61,BA,Livros,Recorrente,Boleto,4,61.81,0.05,234.88
30,19,PR,Casa,VIP,Pix,5,209.8,0.15,891.65
31,30,SP,Eletronicos,Novo,Cartao,1,614.0,0.0,614.0
32,41,RJ,Esporte,Recorrente,Boleto,2,196.26,0.05,372.89
33,52,MG,Moda,VIP,Pix,3,94.49,0.15,240.95
34,63,BA,Livros,Novo,Cartao,4,67.8,0.0,271.2
35,21,PR,Casa,Recorrente,Boleto,5,231.0,0.05,1097.25
36,32,SP,Eletronicos,VIP,Pix,1,543.08,0.15,461.62
37,43,RJ,Esporte,Novo,Cartao,2,208.8,0.0,417.6
38,54,MG,Moda,Recorrente,Boleto,3,105.72,0.05,301.3
39,65,BA,Livros,VIP,Pix,4,63.62,0.15,216.31
40,23,PR,Casa,Novo,Cartao,5,247.0,0.0,1235.0
41,34,SP,Eletronicos,Recorrente,Boleto,1,589.2,0.05,559.74
42,45,RJ,Esporte,VIP,Pix,2,147.9,0.15,251.43
43,56,MG,Moda,Novo,Cartao,3,114.6,0.0,343.8
44,67,BA,Livros,Recorrente,Boleto,4,70.81,0.05,269.08
45,25,PR,Casa,VIP,Pix,5,218.8,0.15,929.9
46,36,SP,Eletronicos,Novo,Cartao,1,623.0,0.0,623.0
47,47,RJ,Esporte,Recorrente,Boleto,2,164.26,0.05,312.09
48,58,MG,Moda,VIP,Pix,3,103.49,0.15,263.9
49,69,BA,Livros,Novo,Cartao,4,76.8,0.0,307.2
50,27,PR,Casa,Recorrente,Boleto,5,240.0,0.05,1140.0
51,38,SP,Eletronicos,VIP,Pix,1,552.08,0.15,469.27
52,49,RJ,Esporte,Novo,Cartao,2,176.8,0.0,353.6
53,60,MG,Moda,Recorrente,Boleto,3,114.72,0.05,326.95
54,18,BA,Livros,VIP,Pix,4,72.62,0.15,246.91
55,29,PR,Casa,Novo,Cartao,5,256.0,0.0,1280.0
56,40,SP,Eletronicos,Recorrente,Boleto,1,598.2,0.05,568.29
57,51,RJ,Esporte,VIP,Pix,2,156.9,0.15,266.73
58,62,MG,Moda,Novo,Cartao,3,123.6,0.0,370.8
59,20,BA,Livros,Recorrente,Boleto,4,38.81,0.05,147.48
60,31,PR,Casa,VIP,Pix,5,227.8,0.15,968.15
61,42,SP,Eletronicos,Novo,Cartao,1,632.0,0.0,632.0
62,53,RJ,Esporte,Recorrente,Boleto,2,173.26,0.05,329.19
63,64,MG,Moda,VIP,Pix,3,112.49,0.15,286.85
64,22,BA,Livros,Novo,Cartao,4,44.8,0.0,179.2
65,33,PR,Casa,Recorrente,Boleto,5,249.0,0.05,1182.75
66,44,SP,Eletronicos,VIP,Pix,1,561.08,0.15,476.92
67,55,RJ,Esporte,Novo,Cartao,2,185.8,0.0,371.6
68,66,MG,Moda,Recorrente,Boleto,3,123.72,0.05,352.6
69,24,BA,Livros,VIP,Pix,4,40.62,0.15,138.11
70,35,PR,Casa,Novo,Cartao,5,265.0,0.0,1325.0
71,46,SP,Eletronicos,Recorrente,Boleto,1,566.2,0.05,537.89
72,57,RJ,Esporte,VIP,Pix,2,165.9,0.15,282.03
73,68,MG,Moda,Novo,Cartao,3,132.6,0.0,397.8
74,26,BA,Livros,Recorrente,Boleto,4,47.81,0.05,181.68
75,37,PR,Casa,VIP,Pix,5,236.8,0.15,1006.4
76,48,SP,Eletronicos,Novo,Cartao,1,600.0,0.0,600.0
77,59,RJ,Esporte,Recorrente,Boleto,2,182.26,0.05,346.29
78,70,MG,Moda,VIP,Pix,3,121.49,0.15,309.8
79,28,BA,Livros,Novo,Cartao,4,53.8,0.0,215.2
80,39,PR,Casa,Recorrente,Boleto,5,258.0,0.05,1225.5
81,50,SP,Eletronicos,VIP,Pix,1,529.08,0.15,449.72
82,61,RJ,Esporte,Novo,Cartao,2,194.8,0.0,389.6
83,19,MG,Moda,Recorrente,Boleto,3,91.72,0.05,261.4
84,30,BA,Livros,VIP,Pix,4,49.62,0.15,168.71
85,41,PR,Casa,Novo,Cartao,5,274.0,0.0,1370.0
86,52,SP,Eletronicos,Recorrente,Boleto,1,575.2,0.05,546.44
87,63,RJ,Esporte,VIP,Pix,2,174.9,0.15,297.33
88,21,MG,Moda,Novo,Cartao,3,100.6,0.0,301.8
89,32,BA,Livros,Recorrente,Boleto,4,56.81,0.05,215.88
90,43,PR,Casa,VIP,Pix,5,245.8,0.15,1044.65
91,54,SP,Eletronicos,Novo,Cartao,1,609.0,0.0,609.0
92,65,RJ,Esporte,Recorrente,Boleto,2,191.26,0.05,363.39
93,23,MG,Moda,VIP,Pix,3,89.49,0.15,228.2
94,34,BA,Livros,Novo,Cartao,4,62.8,0.0,251.2
95,45,PR,Casa,Recorrente,Boleto,5,267.0,0.05,1268.25
96,56,SP,Eletronicos,VIP,Pix,1,538.08,0.15,457.37
97,67,RJ,Esporte,Novo,Cartao,2,203.8,0.0,407.6
98,25,MG,Moda,Recorrente,Boleto,3,100.72,0.05,287.05
99,36,BA,Livros,VIP,Pix,4,58.62,0.15,199.31
100,47,PR,Casa,Novo,Cartao,5,242.0,0.0,1210.0
101,58,SP,Eletronicos,Recorrente,Boleto,1,584.2,0.05,554.99
102,69,RJ,Esporte,VIP,Pix,2,183.9,0.15,312.63
103,27,MG,Moda,Novo,Cartao,3,109.6,0.0,328.8
104,38,BA,Livros,Recorrente,Boleto,4,65.81,0.05,250.08
105,49,PR,Casa,VIP,Pix,5,213.8,0.15,908.65
106,60,SP,Eletronicos,Novo,Cartao,1,618.0,0.0,618.0
107,18,RJ,Esporte,Recorrente,Boleto,2,200.26,0.05,380.49
108,29,MG,Moda,VIP,Pix,3,98.49,0.15,251.15
109,40,BA,Livros,Novo,Cartao,4,71.8,0.0,287.2
110,51,PR,Casa,Recorrente,Boleto,5,235.0,0.05,1116.25
111,62,SP,Eletronicos,VIP,Pix,1,547.08,0.15,465.02
112,20,RJ,Esporte,Novo,Cartao,2,171.8,0.0,343.6
113,31,MG,Moda,Recorrente,Boleto,3,109.72,0.05,312.7
114,42,BA,Livros,VIP,Pix,4,67.62,0.15,229.91
115,53,PR,Casa,Novo,Cartao,5,251.0,0.0,1255.0
116,64,SP,Eletronicos,Recorrente,Boleto,1,593.2,0.05,563.54
117,22,RJ,Esporte,VIP,Pix,2,151.9,0.15,258.23
118,33,MG,Moda,Novo,Cartao,3,118.6,0.0,355.8
119,44,BA,Livros,Recorrente,Boleto,4,74.81,0.05,284.28
120,55,PR,Casa,VIP,Pix,5,222.8,0.15,946.9
121,66,SP,Eletronicos,Novo,Cartao,1,627.0,0.0,627.0
122,24,RJ,Esporte,Recorrente,Boleto,2,168.26,0.05,319.69
123,35,MG,Moda,VIP,Pix,3,107.49,0.15,274.1
124,46,BA,Livros,Novo,Cartao,4,39.8,0.0,159.2
125,57,PR,Casa,Recorrente,Boleto,5,244.0,0.05,1159.0
126,68,SP,Eletronicos,VIP,Pix,1,556.08,0.15,472.67
127,26,RJ,Esporte,Novo,Cartao,2,180.8,0.0,361.6
128,37,MG,Moda,Recorrente,Boleto,3,118.72,0.05,338.35
129,48,BA,Livros,VIP,Pix,4,35.62,0.15,121.11
130,59,PR,Casa,Novo,Cartao,5,260.0,0.0,1300.0
131,70,SP,Eletronicos,Recorrente,Boleto,1,602.2,0.05,572.09
132,28,RJ,Esporte,VIP,Pix,2,160.9,0.15,273.53
133,39,MG,Moda,Novo,Cartao,3,127.6,0.0,382.8
134,50,BA,Livros,Recorrente,Boleto,4,42.81,0.05,162.68
135,61,PR,Casa,VIP,Pix,5,231.8,0.15,985.15
136,19,SP,Eletronicos,Novo,Cartao,1,636.0,0.0,636.0
137,30,RJ,Esporte,Recorrente,Boleto,2,177.26,0.05,336.79
138,41,MG,Moda,VIP,Pix,3,116.49,0.15,297.05
139,52,BA,Livros,Novo,Cartao,4,48.8,0.0,195.2
140,63,PR,Casa,Recorrente,Boleto,5,253.0,0.05,1201.75
141,21,SP,Eletronicos,VIP,Pix,1,524.08,0.15,445.47
142,32,RJ,Esporte,Novo,Cartao,2,189.8,0.0,379.6
143,43,MG,Moda,Recorrente,Boleto,3,127.72,0.05,364.0
144,54,BA,Livros,VIP,Pix,4,44.62,0.15,151.71
145,65,PR,Casa,Novo,Cartao,5,269.0,0.0,1345.0
146,23,SP,Eletronicos,Recorrente,Boleto,1,570.2,0.05,541.69
147,34,RJ,Esporte,VIP,Pix,2,169.9,0.15,288.83
148,45,MG,Moda,Novo,Cartao,3,136.6,0.0,409.8
149,56,BA,Livros,Recorrente,Boleto,4,51.81,0.05,196.88
150,67,PR,Casa,VIP,Pix,5,240.8,0.15,1023.4
151,25,SP,Eletronicos,Novo,Cartao,1,604.0,0.0,604.0
152,36,RJ,Esporte,Recorrente,Boleto,2,186.26,0.05,353.89
153,47,MG,Moda,VIP,Pix,3,84.49,0.15,215.45
154,58,BA,Livros,Novo,Cartao,4,57.8,0.0,231.2
155,69,PR,Casa,Recorrente,Boleto,5,262.0,0.05,1244.5
156,27,SP,Eletronicos,VIP,Pix,1,533.08,0.15,453.12
157,38,RJ,Esporte,Novo,Cartao,2,198.8,0.0,397.6
158,49,MG,Moda,Recorrente,Boleto,3,95.72,0.05,272.8
159,60,BA,Livros,VIP,Pix,4,53.62,0.15,182.31
160,18,PR,Casa,Novo,Cartao,5,278.0,0.0,1390.0
161,29,SP,Eletronicos,Recorrente,Boleto,1,579.2,0.05,550.24
162,40,RJ,Esporte,VIP,Pix,2,178.9,0.15,304.13
163,51,MG,Moda,Novo,Cartao,3,104.6,0.0,313.8
164,62,BA,Livros,Recorrente,Boleto,4,60.81,0.05,231.08
165,20,PR,Casa,VIP,Pix,5,208.8,0.15,887.4
166,31,SP,Eletronicos,Novo,Cartao,1,613.0,0.0,613.0
167,42,RJ,Esporte,Recorrente,Boleto,2,195.26,0.05,370.99
168,53,MG,Moda,VIP,Pix,3,93.49,0.15,238.4
169,64,BA,Livros,Novo,Cartao,4,66.8,0.0,267.2
170,22,PR,Casa,Recorrente,Boleto,5,230.0,0.05,1092.5
171,33,SP,Eletronicos,VIP,Pix,1,542.08,0.15,460.77
172,44,RJ,Esporte,Novo,Cartao,2,207.8,0.0,415.6
173,55,MG,Moda,Recorrente,Boleto,3,104.72,0.05,298.45
174,66,BA,Livros,VIP,Pix,4,62.62,0.15,212.91
175,24,PR,Casa,Novo,Cartao,5,246.0,0.0,1230.0
176,35,SP,Eletronicos,Recorrente,Boleto,1,588.2,0.05,558.79
177,46,RJ,Esporte,VIP,Pix,2,187.9,0.15,319.43
178,57,MG,Moda,Novo,Cartao,3,113.6,0.0,340.8
179,68,BA,Livros,Recorrente,Boleto,4,69.81,0.05,265.28
180,26,PR,Casa,VIP,Pix,5,217.8,0.15,925.65
181,37,SP,Eletronicos,Novo,Cartao,1,622.0,0.0,622.0
182,48,RJ,Esporte,Recorrente,Boleto,2,163.26,0.05,310.19
183,59,MG,Moda,VIP,Pix,3,102.49,0.15,261.35
184,70,BA,Livros,Novo,Cartao,4,75.8,0.0,303.2
185,28,PR,Casa,Recorrente,Boleto,5,239.0,0.05,1135.25
186,39,SP,Eletronicos,VIP,Pix,1,551.08,0.15,468.42
187,50,RJ,Esporte,Novo,Cartao,2,175.8,0.0,351.6
188,61,MG,Moda,Recorrente,Boleto,3,113.72,0.05,324.1
189,19,BA,Livros,VIP,Pix,4,71.62,0.15,243.51
190,30,PR,Casa,Novo,Cartao,5,255.0,0.0,1275.0
191,41,SP,Eletronicos,Recorrente,Boleto,1,597.2,0.05,567.34
192,52,RJ,Esporte,VIP,Pix,2,155.9,0.15,265.03
193,63,MG,Moda,Novo,Cartao,3,122.6,0.0,367.8
194,21,BA,Livros,Recorrente,Boleto,4,37.81,0.05,143.68
195,32,PR,Casa,VIP,Pix,5,226.8,0.15,963.9
196,43,SP,Eletronicos,Novo,Cartao,1,631.0,0.0,631.0
197,54,RJ,Esporte,Recorrente,Boleto,2,172.26,0.05,327.29
198,65,MG,Moda,VIP,Pix,3,111.49,0.15,284.3
199,23,BA,Livros,Novo,Cartao,4,43.8,0.0,175.2
200,34,PR,Casa,Recorrente,Boleto,5,248.0,0.05,1178.0
201,45,SP,Eletronicos,VIP,Pix,1,560.08,0.15,476.07
202,56,RJ,Esporte,Novo,Cartao,2,184.8,0.0,369.6
203,67,MG,Moda,Recorrente,Boleto,3,122.72,0.05,349.75
204,25,BA,Livros,VIP,Pix,4,39.62,0.15,134.71
205,36,PR,Casa,Novo,Cartao,5,264.0,0.0,1320.0
206,47,SP,Eletronicos,Recorrente,Boleto,1,565.2,0.05,536.94
207,58,RJ,Esporte,VIP,Pix,2,164.9,0.15,280.33
208,69,MG,Moda,Novo,Cartao,3,131.6,0.0,394.8
209,27,BA,Livros,Recorrente,Boleto,4,46.81,0.05,177.88
210,38,PR,Casa,VIP,Pix,5,235.8,0.15,1002.15
211,49,SP,Eletronicos,Novo,Cartao,1,599.0,0.0,599.0
212,60,RJ,Esporte,Recorrente,Boleto,2,181.26,0.05,344.39
213,18,MG,Moda,VIP,Pix,3,120.49,0.15,307.25
214,29,BA,Livros,Novo,Cartao,4,52.8,0.0,211.2
215,40,PR,Casa,Recorrente,Boleto,5,257.0,0.05,1220.75
216,51,SP,Eletronicos,VIP,Pix,1,528.08,0.15,448.87
217,62,RJ,Esporte,Novo,Cartao,2,193.8,0.0,387.6
218,20,MG,Moda,Recorrente,Boleto,3,131.72,0.05,375.4
219,31,BA,Livros,VIP,Pix,4,48.62,0.15,165.31
220,42,PR,Casa,Novo,Cartao,5,273.0,0.0,1365.0
221,53,SP,Eletronicos,Recorrente,Boleto,1,574.2,0.05,545.49
222,64,RJ,Esporte,VIP,Pix,2,173.9,0.15,295.63
223,22,MG,Moda,Novo,Cartao,3,99.6,0.0,298.8
224,33,BA,Livros,Recorrente,Boleto,4,55.81,0.05,212.08
225,44,PR,Casa,VIP,Pix,5,244.8,0.15,1040.4
226,55,SP,Eletronicos,Novo,Cartao,1,608.0,0.0,608.0
227,66,RJ,Esporte,Recorrente,Boleto,2,190.26,0.05,361.49
228,24,MG,Moda,VIP,Pix,3,88.49,0.15,225.65
229,35,BA,Livros,Novo,Cartao,4,61.8,0.0,247.2
230,46,PR,Casa,Recorrente,Boleto,5,266.0,0.05,1263.5
231,57,SP,Eletronicos,VIP,Pix,1,537.08,0.15,456.52
232,68,RJ,Esporte,Novo,Cartao,2,202.8,0.0,405.6
233,26,MG,Moda,Recorrente,Boleto,3,99.72,0.05,284.2
234,37,BA,Livros,VIP,Pix,4,57.62,0.15,195.91
235,48,PR,Casa,Novo,Cartao,5,241.0,0.0,1205.0
236,59,SP,Eletronicos,Recorrente,Boleto,1,583.2,0.05,554.04
237,70,RJ,Esporte,VIP,Pix,2,182.9,0.15,310.93
238,28,MG,Moda,Novo,Cartao,3,108.6,0.0,325.8
239,39,BA,Livros,Recorrente,Boleto,4,64.81,0.05,246.28
240,50,PR,Casa,VIP,Pix,5,212.8,0.15,904.4
241,61,SP,Eletronicos,Novo,Cartao,1,617.0,0.0,617.0
242,19,RJ,Esporte,Recorrente,Boleto,2,199.26,0.05,378.59
243,30,MG,Moda,VIP,Pix,3,97.49,0.15,248.6
244,41,BA,Livros,Novo,Cartao,4,70.8,0.0,283.2
245,52,PR,Casa,Recorrente,Boleto,5,234.0,0.05,1111.5
246,63,SP,Eletronicos,VIP,Pix,1,546.08,0.15,464.17
247,21,RJ,Esporte,Novo,Cartao,2,170.8,0.0,341.6
248,32,MG,Moda,Recorrente,Boleto,3,108.72,0.05,309.85
249,43,BA,Livros,VIP,Pix,4,66.62,0.15,226.51
250,54,PR,Casa,Novo,Cartao,5,250.0,0.0,1250.0
251,65,SP,Eletronicos,Recorrente,Boleto,1,592.2,0.05,562.59
252,23,RJ,Esporte,VIP,Pix,2,150.9,0.15,256.53
253,34,MG,Moda,Novo,Cartao,3,117.6,0.0,352.8
254,45,BA,Livros,Recorrente,Boleto,4,73.81,0.05,280.48
255,56,PR,Casa,VIP,Pix,5,221.8,0.15,942.65
256,67,SP,Eletronicos,Novo,Cartao,1,626.0,0.0,626.0
257,25,RJ,Esporte,Recorrente,Boleto,2,167.26,0.05,317.79
258,36,MG,Moda,VIP,Pix,3,106.49,0.15,271.55
259,47,BA,Livros,Novo,Cartao,4,79.8,0.0,319.2
260,58,PR,Casa,Recorrente,Boleto,5,243.0,0.05,1154.25
261,69,SP,Eletronicos,VIP,Pix,1,555.08,0.15,471.82
262,27,RJ,Esporte,Novo,Cartao,2,179.8,0.0,359.6
263,38,MG,Moda,Recorrente,Boleto,3,117.72,0.05,335.5
264,49,BA,Livros,VIP,Pix,4,34.62,0.15,117.71
265,60,PR,Casa,Novo,Cartao,5,259.0,0.0,1295.0
266,18,SP,Eletronicos,Recorrente,Boleto,1,601.2,0.05,571.14
267,29,RJ,Esporte,VIP,Pix,2,159.9,0.15,271.83
268,40,MG,Moda,Novo,Cartao,3,126.6,0.0,379.8
269,51,BA,Livros,Recorrente,Boleto,4,41.81,0.05,158.88
270,62,PR,Casa,VIP,Pix,5,230.8,0.15,980.9
271,20,SP,Eletronicos,Novo,Cartao,1,635.0,0.0,635.0
272,31,RJ,Esporte,Recorrente,Boleto,2,176.26,0.05,334.89
273,42,MG,Moda,VIP,Pix,3,115.49,0.15,294.5
274,53,BA,Livros,Novo,Cartao,4,47.8,0.0,191.2
275,64,PR,Casa,Recorrente,Boleto,5,252.0,0.05,1197.0
276,22,SP,Eletronicos,VIP,Pix,1,523.08,0.15,444.62
277,33,RJ,Esporte,Novo,Cartao,2,188.8,0.0,377.6
278,44,MG,Moda,Recorrente,Boleto,3,126.72,0.05,361.15
279,55,BA,Livros,VIP,Pix,4,43.62,0.15,148.31
280,66,PR,Casa,Novo,Cartao,5,268.0,0.0,1340.0
281,24,SP,Eletronicos,Recorrente,Boleto,1,569.2,0.05,540.74
282,35,RJ,Esporte,VIP,Pix,2,168.9,0.15,287.13
283,46,MG,Moda,Novo,Cartao,3,135.6,0.0,406.8
284,57,BA,Livros,Recorrente,Boleto,4,50.81,0.05,193.08
285,68,PR,Casa,VIP,Pix,5,239.8,0.15,1019.15
286,26,SP,Eletronicos,Novo,Cartao,1,603.0,0.0,603.0
287,37,RJ,Esporte,Recorrente,Boleto,2,185.26,0.05,351.99
288,48,MG,Moda,VIP,Pix,3,83.49,0.15,212.9
289,59,BA,Livros,Novo,Cartao,4,56.8,0.0,227.2
290,70,PR,Casa,Recorrente,Boleto,5,261.0,0.05,1239.75
291,28,SP,Eletronicos,VIP,Pix,1,532.08,0.15,452.27
292,39,RJ,Esporte,Novo,Cartao,2,197.8,0.0,395.6
293,50,MG,Moda,Recorrente,Boleto,3,94.72,0.05,269.95
294,61,BA,Livros,VIP,Pix,4,52.62,0.15,178.91
295,19,PR,Casa,Novo,Cartao,5,277.0,0.0,1385.0
296,30,SP,Eletronicos,Recorrente,Boleto,1,578.2,0.05,549.29
297,41,RJ,Esporte,VIP,Pix,2,177.9,0.15,302.43
298,52,MG,Moda,Novo,Cartao,3,103.6,0.0,310.8
299,63,BA,Livros,Recorrente,Boleto,4,59.81,0.05,227.28
300,21,PR,Casa,VIP,Pix,5,248.8,0.15,1057.4
301,32,SP,Eletronicos,Novo,Cartao,1,612.0,0.0,612.0
302,43,RJ,Esporte,Recorrente,Boleto,2,194.26,0.05,369.09
303,54,MG,Moda,VIP,Pix,3,92.49,0.15,235.85
304,65,BA,Livros,Novo,Cartao,4,65.8,0.0,263.2
305,23,PR,Casa,Recorrente,Boleto,5,229.0,0.05,1087.75
306,34,SP,Eletronicos,VIP,Pix,1,541.08,0.15,459.92
307,45,RJ,Esporte,Novo,Cartao,2,206.8,0.0,413.6
308,56,MG,Moda,Recorrente,Boleto,3,103.72,0.05,295.6
309,67,BA,Livros,VIP,Pix,4,61.62,0.15,209.51
310,25,PR,Casa,Novo,Cartao,5,245.0,0.0,1225.0
311,36,SP,Eletronicos,Recorrente,Boleto,1,587.2,0.05,557.84
312,47,RJ,Esporte,VIP,Pix,2,186.9,0.15,317.73
313,58,MG,Moda,Novo,Cartao,3,112.6,0.0,337.8
314,69,BA,Livros,Recorrente,Boleto,4,68.81,0.05,261.48
315,27,PR,Casa,VIP,Pix,5,216.8,0.15,921.4
316,38,SP,Eletronicos,Novo,Cartao,1,621.0,0.0,621.0
317,49,RJ,Esporte,Recorrente,Boleto,2,162.26,0.05,308.29
318,60,MG,Moda,VIP,Pix,3,101.49,0.15,258.8
319,18,BA,Livros,Novo,Cartao,4,74.8,0.0,299.2
320,29,PR,Casa,Recorrente,Boleto,5,238.0,0.05,1130.5
321,40,SP,Eletronicos,VIP,Pix,1,550.08,0.15,467.57
322,51,RJ,Esporte,Novo,Cartao,2,174.8,0.0,349.6
323,62,MG,Moda,Recorrente,Boleto,3,112.72,0.05,321.25
324,20,BA,Livros,VIP,Pix,4,70.62,0.15,240.11
325,31,PR,Casa,Novo,Cartao,5,254.0,0.0,1270.0
326,42,SP,Eletronicos,Recorrente,Boleto,1,596.2,0.05,566.39
327,53,RJ,Esporte,VIP,Pix,2,154.9,0.15,263.33
328,64,MG,Moda,Novo,Cartao,3,121.6,0.0,364.8
329,22,BA,Livros,Recorrente,Boleto,4,36.81,0.05,139.88
330,33,PR,Casa,VIP,Pix,5,225.8,0.15,959.65
331,44,SP,Eletronicos,Novo,Cartao,1,630.0,0.0,630.0
332,55,RJ,Esporte,Recorrente,Boleto,2,171.26,0.05,325.39
333,66,MG,Moda,VIP,Pix,3,110.49,0.15,281.75
334,24,BA,Livros,Novo,Cartao,4,42.8,0.0,171.2
335,35,PR,Casa,Recorrente,Boleto,5,247.0,0.05,1173.25
336,46,SP,Eletronicos,VIP,Pix,1,559.08,0.15,475.22
337,57,RJ,Esporte,Novo,Cartao,2,183.8,0.0,367.6
338,68,MG,Moda,Recorrente,Boleto,3,121.72,0.05,346.9
339,26,BA,Livros,VIP,Pix,4,38.62,0.15,131.31
340,37,PR,Casa,Novo,Cartao,5,263.0,0.0,1315.0
341,48,SP,Eletronicos,Recorrente,Boleto,1,605.2,0.05,574.94
342,59,RJ,Esporte,VIP,Pix,2,163.9,0.15,278.63
343,70,MG,Moda,Novo,Cartao,3,130.6,0.0,391.8
344,28,BA,Livros,Recorrente,Boleto,4,45.81,0.05,174.08
345,39,PR,Casa,VIP,Pix,5,234.8,0.15,997.9
346,50,SP,Eletronicos,Novo,Cartao,1,598.0,0.0,598.0
347,61,RJ,Esporte,Recorrente,Boleto,2,180.26,0.05,342.49
348,19,MG,Moda,VIP,Pix,3,119.49,0.15,304.7
349,30,BA,Livros,Novo,Cartao,4,51.8,0.0,207.2
350,41,PR,Casa,Recorrente,Boleto,5,256.0,0.05,1216.0
351,52,SP,Eletronicos,VIP,Pix,1,527.08,0.15,448.02
352,63,RJ,Esporte,Novo,Cartao,2,192.8,0.0,385.6
353,21,MG,Moda,Recorrente,Boleto,3,130.72,0.05,372.55
354,32,BA,Livros,VIP,Pix,4,47.62,0.15,161.91
355,43,PR,Casa,Novo,Cartao,5,272.0,0.0,1360.0
356,54,SP,Eletronicos,Recorrente,Boleto,1,573.2,0.05,544.54
357,65,RJ,Esporte,VIP,Pix,2,172.9,0.15,293.93
358,23,MG,Moda,Novo,Cartao,3,98.6,0.0,295.8
359,34,BA,Livros,Recorrente,Boleto,4,54.81,0.05,208.28
360,45,PR,Casa,VIP,Pix,5,243.8,0.15,1036.15
361,56,SP,Eletronicos,Novo,Cartao,1,607.0,0.0,607.0
362,67,RJ,Esporte,Recorrente,Boleto,2,189.26,0.05,359.59
363,25,MG,Moda,VIP,Pix,3,87.49,0.15,223.1
364,36,BA,Livros,Novo,Cartao,4,60.8,0.0,243.2
365,47,PR,Casa,Recorrente,Boleto,5,265.0,0.05,1258.75
366,58,SP,Eletronicos,VIP,Pix,1,536.08,0.15,455.67
367,69,RJ,Esporte,Novo,Cartao,2,201.8,0.0,403.6
368,27,MG,Moda,Recorrente,Boleto,3,98.72,0.05,281.35
369,38,BA,Livros,VIP,Pix,4,56.62,0.15,192.51
370,49,PR,Casa,Novo,Cartao,5,240.0,0.0,1200.0
371,60,SP,Eletronicos,Recorrente,Boleto,1,582.2,0.05,553.09
372,18,RJ,Esporte,VIP,Pix,2,181.9,0.15,309.23
373,29,MG,Moda,Novo,Cartao,3,107.6,0.0,322.8
374,40,BA,Livros,Recorrente,Boleto,4,63.81,0.05,242.48
375,51,PR,Casa,VIP,Pix,5,211.8,0.15,900.15
376,62,SP,Eletronicos,Novo,Cartao,1,616.0,0.0,616.0
377,20,RJ,Esporte,Recorrente,Boleto,2,198.26,0.05,376.69
378,31,MG,Moda,VIP,Pix,3,96.49,0.15,246.05
379,42,BA,Livros,Novo,Cartao,4,69.8,0.0,279.2
380,53,PR,Casa,Recorrente,Boleto,5,233.0,0.05,1106.75
381,64,SP,Eletronicos,VIP,Pix,1,545.08,0.15,463.32
382,22,RJ,Esporte,Novo,Cartao,2,210.8,0.0,421.6
383,33,MG,Moda,Recorrente,Boleto,3,107.72,0.05,307.0
384,44,BA,Livros,VIP,Pix,4,65.62,0.15,223.11
385,55,PR,Casa,Novo,Cartao,5,249.0,0.0,1245.0
386,66,SP,Eletronicos,Recorrente,Boleto,1,591.2,0.05,561.64
387,24,RJ,Esporte,VIP,Pix,2,149.9,0.15,254.83
388,35,MG,Moda,Novo,Cartao,3,116.6,0.0,349.8
389,46,BA,Livros,Recorrente,Boleto,4,72.81,0.05,276.68
390,57,PR,Casa,VIP,Pix,5,220.8,0.15,938.4
391,68,SP,Eletronicos,Novo,Cartao,1,625.0,0.0,625.0
392,26,RJ,Esporte,Recorrente,Boleto,2,166.26,0.05,315.89
393,37,MG,Moda,VIP,Pix,3,105.49,0.15,269.0
394,48,BA,Livros,Novo,Cartao,4,78.8,0.0,315.2
395,59,PR,Casa,Recorrente,Boleto,5,242.0,0.05,1149.5
396,70,SP,Eletronicos,VIP,Pix,1,554.08,0.15,470.97
397,28,RJ,Esporte,Novo,Cartao,2,178.8,0.0,357.6
398,39,MG,Moda,Recorrente,Boleto,3,116.72,0.05,332.65
399,50,BA,Livros,VIP,Pix,4,33.62,0.15,114.31
400,61,PR,Casa,Novo,Cartao,5,258.0,0.0,1290.0
401,19,SP,Eletronicos,Recorrente,Boleto,1,600.2,0.05,570.19
402,30,RJ,Esporte,VIP,Pix,2,158.9,0.15,270.13
403,41,MG,Moda,Novo,Cartao,3,125.6,0.0,376.8
404,52,BA,Livros,Recorrente,Boleto,4,40.81,0.05,155.08
405,63,PR,Casa,VIP,Pix,5,229.8,0.15,976.65
406,21,SP,Eletronicos,Novo,Cartao,1,634.0,0.0,634.0
407,32,RJ,Esporte,Recorrente,Boleto,2,175.26,0.05,332.99
408,43,MG,Moda,VIP,Pix,3,114.49,0.15,291.95
409,54,BA,Livros,Novo,Cartao,4,46.8,0.0,187.2
410,65,PR,Casa,Recorrente,Boleto,5,251.0,0.05,1192.25
411,23,SP,Eletronicos,VIP,Pix,1,522.08,0.15,443.77
412,34,RJ,Esporte,Novo,Cartao,2,187.8,0.0,375.6
413,45,MG,Moda,Recorrente,Boleto,3,125.72,0.05,358.3
414,56,BA,Livros,VIP,Pix,4,42.62,0.15,144.91
415,67,PR,Casa,Novo,Cartao,5,267.0,0.0,1335.0
416,25,SP,Eletronicos,Recorrente,Boleto,1,568.2,0.05,539.79
417,36,RJ,Esporte,VIP,Pix,2,167.9,0.15,285.43
418,47,MG,Moda,Novo,Cartao,3,134.6,0.0,403.8
419,58,BA,Livros,Recorrente,Boleto,4,49.81,0.05,189.28
420,69,PR,Casa,VIP,Pix,5,238.8,0.15,1014.9
421,27,SP,Eletronicos,Novo,Cartao,1,602.0,0.0,602.0
422,38,RJ,Esporte,Recorrente,Boleto,2,184.26,0.05,350.09
423,49,MG,Moda,VIP,Pix,3,123.49,0.15,314.9
424,60,BA,Livros,Novo,Cartao,4,55.8,0.0,223.2
425,18,PR,Casa,Recorrente,Boleto,5,260.0,0.05,1235.0
426,29,SP,Eletronicos,VIP,Pix,1,531.08,0.15,451.42
427,40,RJ,Esporte,Novo,Cartao,2,196.8,0.0,393.6
428,51,MG,Moda,Recorrente,Boleto,3,93.72,0.05,267.1
429,62,BA,Livros,VIP,Pix,4,51.62,0.15,175.51
430,20,PR,Casa,Novo,Cartao,5,276.0,0.0,1380.0
431,31,SP,Eletronicos,Recorrente,Boleto,1,577.2,0.05,548.34
432,42,RJ,Esporte,VIP,Pix,2,176.9,0.15,300.73
433,53,MG,Moda,Novo,Cartao,3,102.6,0.0,307.8
434,64,BA,Livros,Recorrente,Boleto,4,58.81,0.05,223.48
435,22,PR,Casa,VIP,Pix,5,247.8,0.15,1053.15
436,33,SP,Eletronicos,Novo,Cartao,1,611.0,0.0,611.0
437,44,RJ,Esporte,Recorrente,Boleto,2,193.26,0.05,367.19
438,55,MG,Moda,VIP,Pix,3,91.49,0.15,233.3
439,66,BA,Livros,Novo,Cartao,4,64.8,0.0,259.2
440,24,PR,Casa,Recorrente,Boleto,5,228.0,0.05,1083.0
441,35,SP,Eletronicos,VIP,Pix,1,540.08,0.15,459.07
442,46,RJ,Esporte,Novo,Cartao,2,205.8,0.0,411.6
443,57,MG,Moda,Recorrente,Boleto,3,102.72,0.05,292.75
444,68,BA,Livros,VIP,Pix,4,60.62,0.15,206.11
445,26,PR,Casa,Novo,Cartao,5,244.0,0.0,1220.0
446,37,SP,Eletronicos,Recorrente,Boleto,1,586.2,0.05,556.89
447,48,RJ,Esporte,VIP,Pix,2,185.9,0.15,316.03
448,59,MG,Moda,Novo,Cartao,3,111.6,0.0,334.8
449,70,BA,Livros,Recorrente,Boleto,4,67.81,0.05,257.68
450,28,PR,Casa,VIP,Pix,5,215.8,0.15,917.15
451,39,SP,Eletronicos,Novo,Cartao,1,620.0,0.0,620.0
452,50,RJ,Esporte,Recorrente,Boleto,2,161.26,0.05,306.39
453,61,MG,Moda,VIP,Pix,3,100.49,0.15,256.25
454,19,BA,Livros,Novo,Cartao,4,73.8,0.0,295.2
455,30,PR,Casa,Recorrente,Boleto,5,237.0,0.05,1125.75
456,41,SP,Eletronicos,VIP,Pix,1,549.08,0.15,466.72
457,52,RJ,Esporte,Novo,Cartao,2,173.8,0.0,347.6
458,63,MG,Moda,Recorrente,Boleto,3,111.72,0.05,318.4
459,21,BA,Livros,VIP,Pix,4,69.62,0.15,236.71
460,32,PR,Casa,Novo,Cartao,5,253.0,0.0,1265.0
461,43,SP,Eletronicos,Recorrente,Boleto,1,595.2,0.05,565.44
462,54,RJ,Esporte,VIP,Pix,2,153.9,0.15,261.63
463,65,MG,Moda,Novo,Cartao,3,120.6,0.0,361.8
464,23,BA,Livros,Recorrente,Boleto,4,76.81,0.05,291.88
465,34,PR,Casa,VIP,Pix,5,224.8,0.15,955.4
466,45,SP,Eletronicos,Novo,Cartao,1,629.0,0.0,629.0
467,56,RJ,Esporte,Recorrente,Boleto,2,170.26,0.05,323.49
468,67,MG,Moda,VIP,Pix,3,109.49,0.15,279.2
469,25,BA,Livros,Novo,Cartao,4,41.8,0.0,167.2
470,36,PR,Casa,Recorrente,Boleto,5,246.0,0.05,1168.5
471,47,SP,Eletronicos,VIP,Pix,1,558.08,0.15,474.37
472,58,RJ,Esporte,Novo,Cartao,2,182.8,0.0,365.6
473,69,MG,Moda,Recorrente,Boleto,3,120.72,0.05,344.05
474,27,BA,Livros,VIP,Pix,4,37.62,0.15,127.91
475,38,PR,Casa,Novo,Cartao,5,262.0,0.0,1310.0
476,49,SP,Eletronicos,Recorrente,Boleto,1,604.2,0.05,573.99
477,60,RJ,Esporte,VIP,Pix,2,162.9,0.15,276.93
478,18,MG,Moda,Novo,Cartao,3,129.6,0.0,388.8
479,29,BA,Livros,Recorrente,Boleto,4,44.81,0.05,170.28
480,40,PR,Casa,VIP,Pix,5,233.8,0.15,993.65
481,51,SP,Eletronicos,Novo,Cartao,1,597.0,0.0,597.0
482,62,RJ,Esporte,Recorrente,Boleto,2,179.26,0.05,340.59
483,20,MG,Moda,VIP,Pix,3,118.49,0.15,302.15
484,31,BA,Livros,Novo,Cartao,4,50.8,0.0,203.2
485,42,PR,Casa,Recorrente,Boleto,5,255.0,0.05,1211.25
486,53,SP,Eletronicos,VIP,Pix,1,526.08,0.15,447.17
487,64,RJ,Esporte,Novo,Cartao,2,191.8,0.0,383.6
488,22,MG,Moda,Recorrente,Boleto,3,129.72,0.05,369.7
489,33,BA,Livros,VIP,Pix,4,46.62,0.15,158.51
490,44,PR,Casa,Novo,Cartao,5,271.0,0.0,1355.0
491,55,SP,Eletronicos,Recorrente,Boleto,1,572.2,0.05,543.59
492,66,RJ,Esporte,VIP,Pix,2,171.9,0.15,292.23
493,24,MG,Moda,Novo,Cartao,3,97.6,0.0,292.8
494,35,BA,Livros,Recorrente,Boleto,4,53.81,0.05,204.48
495,46,PR,Casa,VIP,Pix,5,242.8,0.15,1031.9
496,57,SP,Eletronicos,Novo,Cartao,1,606.0,0.0,606.0
497,68,RJ,Esporte,Recorrente,Boleto,2,188.26,0.05,357.69
498,26,MG,Moda,VIP,Pix,3,86.49,0.15,220.55
499,37,BA,Livros,Novo,Cartao,4,59.8,0.0,239.2
500,48,PR,Casa,Recorrente,Boleto,5,264.0,0.05,1254.0
501,59,SP,Eletronicos,VIP,Pix,1,535.08,0.15,454.82
502,70,RJ,Esporte,Novo,Cartao,2,200.8,0.0,401.6
503,28,MG,Moda,Recorrente,Boleto,3,97.72,0.05,278.5
504,39,BA,Livros,VIP,Pix,4,55.62,0.15,189.11
505,50,PR,Casa,Novo,Cartao,5,280.0,0.0,1400.0
506,61,SP,Eletronicos,Recorrente,Boleto,1,581.2,0.05,552.14
507,19,RJ,Esporte,VIP,Pix,2,180.9,0.15,307.53
508,30,MG,Moda,Novo,Cartao,3,106.6,0.0,319.8
509,41,BA,Livros,Recorrente,Boleto,4,62.81,0.05,238.68
510,52,PR,Casa,VIP,Pix,5,210.8,0.15,895.9
511,63,SP,Eletronicos,Novo,Cartao,1,615.0,0.0,615.0
512,21,RJ,Esporte,Recorrente,Boleto,2,197.26,0.05,374.79
513,32,MG,Moda,VIP,Pix,3,95.49,0.15,243.5
514,43,BA,Livros,Novo,Cartao,4,68.8,0.0,275.2
515,54,PR,Casa,Recorrente,Boleto,5,232.0,0.05,1102.0
516,65,SP,Eletronicos,VIP,Pix,1,544.08,0.15,462.47
517,23,RJ,Esporte,Novo,Cartao,2,209.8,0.0,419.6
518,34,MG,Moda,Recorrente,Boleto,3,106.72,0.05,304.15
519,45,BA,Livros,VIP,Pix,4,64.62,0.15,219.71
520,56,PR,Casa,Novo,Cartao,5,248.0,0.0,1240.0
521,67,SP,Eletronicos,Recorrente,Boleto,1,590.2,0.05,560.69
522,25,RJ,Esporte,VIP,Pix,2,148.9,0.15,253.13
523,36,MG,Moda,Novo,Cartao,3,115.6,0.0,346.8
524,47,BA,Livros,Recorrente,Boleto,4,71.81,0.05,272.88
525,58,PR,Casa,VIP,Pix,5,219.8,0.15,934.15
526,69,SP,Eletronicos,Novo,Cartao,1,624.0,0.0,624.0
527,27,RJ,Esporte,Recorrente,Boleto,2,165.26,0.05,313.99
528,38,MG,Moda,VIP,Pix,3,104.49,0.15,266.45
529,49,BA,Livros,Novo,Cartao,4,77.8,0.0,311.2
530,60,PR,Casa,Recorrente,Boleto,5,241.0,0.05,1144.75
531,18,SP,Eletronicos,VIP,Pix,1,553.08,0.15,470.12
532,29,RJ,Esporte,Novo,Cartao,2,177.8,0.0,355.6
533,40,MG,Moda,Recorrente,Boleto,3,115.72,0.05,329.8
534,51,BA,Livros,VIP,Pix,4,32.62,0.15,110.91
535,62,PR,Casa,Novo,Cartao,5,257.0,0.0,1285.0
536,20,SP,Eletronicos,Recorrente,Boleto,1,599.2,0.05,569.24
537,31,RJ,Esporte,VIP,Pix,2,157.9,0.15,268.43
538,42,MG,Moda,Novo,Cartao,3,124.6,0.0,373.8
539,53,BA,Livros,Recorrente,Boleto,4,39.81,0.05,151.28
540,64,PR,Casa,VIP,Pix,5,228.8,0.15,972.4
541,22,SP,Eletronicos,Novo,Cartao,1,633.0,0.0,633.0
542,33,RJ,Esporte,Recorrente,Boleto,2,174.26,0.05,331.09
543,44,MG,Moda,VIP,Pix,3,113.49,0.15,289.4
544,55,BA,Livros,Novo,Cartao,4,45.8,0.0,183.2
545,66,PR,Casa,Recorrente,Boleto,5,250.0,0.05,1187.5
546,24,SP,Eletronicos,VIP,Pix,1,562.08,0.15,477.77
547,35,RJ,Esporte,Novo,Cartao,2,186.8,0.0,373.6
548,46,MG,Moda,Recorrente,Boleto,3,124.72,0.05,355.45
549,57,BA,Livros,VIP,Pix,4,41.62,0.15,141.51
550,68,PR,Casa,Novo,Cartao,5,266.0,0.0,1330.0
551,26,SP,Eletronicos,Recorrente,Boleto,1,567.2,0.05,538.84
552,37,RJ,Esporte,VIP,Pix,2,166.9,0.15,283.73
553,48,MG,Moda,Novo,Cartao,3,133.6,0.0,400.8
554,59,BA,Livros,Recorrente,Boleto,4,48.81,0.05,185.48
555,70,PR,Casa,VIP,Pix,5,237.8,0.15,1010.65
556,28,SP,Eletronicos,Novo,Cartao,1,601.0,0.0,601.0
557,39,RJ,Esporte,Recorrente,Boleto,2,183.26,0.05,348.19
558,50,MG,Moda,VIP,Pix,3,122.49,0.15,312.35
559,61,BA,Livros,Novo,Cartao,4,54.8,0.0,219.2
560,19,PR,Casa,Recorrente,Boleto,5,259.0,0.05,1230.25
561,30,SP,Eletronicos,VIP,Pix,1,530.08,0.15,450.57
562,41,RJ,Esporte,Novo,Cartao,2,195.8,0.0,391.6
563,52,MG,Moda,Recorrente,Boleto,3,92.72,0.05,264.25
564,63,BA,Livros,VIP,Pix,4,50.62,0.15,172.11
565,21,PR,Casa,Novo,Cartao,5,275.0,0.0,1375.0
566,32,SP,Eletronicos,Recorrente,Boleto,1,576.2,0.05,547.39
567,43,RJ,Esporte,VIP,Pix,2,175.9,0.15,299.03
568,54,MG,Moda,Novo,Cartao,3,101.6,0.0,304.8
569,65,BA,Livros,Recorrente,Boleto,4,57.81,0.05,219.68
570,23,PR,Casa,VIP,Pix,5,246.8,0.15,1048.9
571,34,SP,Eletronicos,Novo,Cartao,1,610.0,0.0,610.0
572,45,RJ,Esporte,Recorrente,Boleto,2,192.26,0.05,365.29
573,56,MG,Moda,VIP,Pix,3,90.49,0.15,230.75
574,67,BA,Livros,Novo,Cartao,4,63.8,0.0,255.2
575,25,PR,Casa,Recorrente,Boleto,5,227.0,0.05,1078.25
576,36,SP,Eletronicos,VIP,Pix,1,539.08,0.15,458.22
577,47,RJ,Esporte,Novo,Cartao,2,204.8,0.0,409.6
578,58,MG,Moda,Recorrente,Boleto,3,101.72,0.05,289.9
579,69,BA,Livros,VIP,Pix,4,59.62,0.15,202.71
580,27,PR,Casa,Novo,Cartao,5,243.0,0.0,1215.0
581,38,SP,Eletronicos,Recorrente,Boleto,1,585.2,0.05,555.94
582,49,RJ,Esporte,VIP,Pix,2,184.9,0.15,314.33
583,60,MG,Moda,Novo,Cartao,3,110.6,0.0,331.8
584,18,BA,Livros,Recorrente,Boleto,4,66.81,0.05,253.88
585,29,PR,Casa,VIP,Pix,5,214.8,0.15,912.9
586,40,SP,Eletronicos,Novo,Cartao,1,619.0,0.0,619.0
587,51,RJ,Esporte,Recorrente,Boleto,2,201.26,0.05,382.39
588,62,MG,Moda,VIP,Pix,3,99.49,0.15,253.7
589,20,BA,Livros,Novo,Cartao,4,72.8,0.0,291.2
590,31,PR,Casa,Recorrente,Boleto,5,236.0,0.05,1121.0
591,42,SP,Eletronicos,VIP,Pix,1,548.08,0.15,465.87
592,53,RJ,Esporte,Novo,Cartao,2,172.8,0.0,345.6
593,64,MG,Moda,Recorrente,Boleto,3,110.72,0.05,315.55
594,22,BA,Livros,VIP,Pix,4,68.62,0.15,233.31
595,33,PR,Casa,Novo,Cartao,5,252.0,0.0,1260.0
596,44,SP,Eletronicos,Recorrente,Boleto,1,594.2,0.05,564.49
597,55,RJ,Esporte,VIP,Pix,2,152.9,0.15,259.93
598,66,MG,Moda,Novo,Cartao,3,119.6,0.0,358.8
599,24,BA,Livros,Recorrente,Boleto,4,75.81,0.05,288.08
600,35,PR,Casa,VIP,Pix,5,223.8,0.15,951.15
601,46,SP,Eletronicos,Novo,Cartao,1,628.0,0.0,628.0
602,57,RJ,Esporte,Recorrente,Boleto,2,169.26,0.05,321.59
603,68,MG,Moda,VIP,Pix,3,108.49,0.15,276.65
604,26,BA,Livros,Novo,Cartao,4,40.8,0.0,163.2
605,37,PR,Casa,Recorrente,Boleto,5,245.0,0.05,1163.75
606,48,SP,Eletronicos,VIP,Pix,1,557.08,0.15,473.52
607,59,RJ,Esporte,Novo,Cartao,2,181.8,0.0,363.6
608,70,MG,Moda,Recorrente,Boleto,3,119.72,0.05,341.2
609,28,BA,Livros,VIP,Pix,4,36.62,0.15,124.51
610,39,PR,Casa,Novo,Cartao,5,261.0,0.0,1305.0
611,50,SP,Eletronicos,Recorrente,Boleto,1,603.2,0.05,573.04
612,61,RJ,Esporte,VIP,Pix,2,161.9,0.15,275.23
613,19,MG,Moda,Novo,Cartao,3,128.6,0.0,385.8
614,30,BA,Livros,Recorrente,Boleto,4,43.81,0.05,166.48
615,41,PR,Casa,VIP,Pix,5,232.8,0.15,989.4
616,52,SP,Eletronicos,Novo,Cartao,1,596.0,0.0,596.0
617,63,RJ,Esporte,Recorrente,Boleto,2,178.26,0.05,338.69
618,21,MG,Moda,VIP,Pix,3,117.49,0.15,299.6
619,32,BA,Livros,Novo,Cartao,4,49.8,0.0,199.2
620,43,PR,Casa,Recorrente,Boleto,5,254.0,0.05,1206.5
621,54,SP,Eletronicos,VIP,Pix,1,525.08,0.15,446.32
622,65,RJ,Esporte,Novo,Cartao,2,190.8,0.0,381.6
623,23,MG,Moda,Recorrente,Boleto,3,128.72,0.05,366.85
624,34,BA,Livros,VIP,Pix,4,45.62,0.15,155.11
625,45,PR,Casa,Novo,Cartao,5,270.0,0.0,1350.0
626,56,SP,Eletronicos,Recorrente,Boleto,1,571.2,0.05,542.64
627,67,RJ,Esporte,VIP,Pix,2,170.9,0.15,290.53
628,25,MG,Moda,Novo,Cartao,3,137.6,0.0,412.8
629,36,BA,Livros,Recorrente,Boleto,4,52.81,0.05,200.68
630,47,PR,Casa,VIP,Pix,5,241.8,0.15,1027.65
631,58,SP,Eletronicos,Novo,Cartao,1,605.0,0.0,605.0
632,69,RJ,Esporte,Recorrente,Boleto,2,187.26,0.05,355.79
633,27,MG,Moda,VIP,Pix,3,85.49,0.15,218.0
634,38,BA,Livros,Novo,Cartao,4,58.8,0.0,235.2
635,49,PR,Casa,Recorrente,Boleto,5,263.0,0.05,1249.25
636,60,SP,Eletronicos,VIP,Pix,1,534.08,0.15,453.97
637,18,RJ,Esporte,Novo,Cartao,2,199.8,0.0,399.6
638,29,MG,Moda,Recorrente,Boleto,3,96.72,0.05,275.65
639,40,BA,Livros,VIP,Pix,4,54.62,0.15,185.71
640,51,PR,Casa,Novo,Cartao,5,279.0,0.0,1395.0
641,62,SP,Eletronicos,Recorrente,Boleto,1,580.2,0.05,551.19
642,20,RJ,Esporte,VIP,Pix,2,179.9,0.15,305.83
643,31,MG,Moda,Novo,Cartao,3,105.6,0.0,316.8
644,42,BA,Livros,Recorrente,Boleto,4,61.81,0.05,234.88
645,53,PR,Casa,VIP,Pix,5,209.8,0.15,891.65
646,64,SP,Eletronicos,Novo,Cartao,1,614.0,0.0,614.0
647,22,RJ,Esporte,Recorrente,Boleto,2,196.26,0.05,372.89
648,33,MG,Moda,VIP,Pix,3,94.49,0.15,240.95
649,44,BA,Livros,Novo,Cartao,4,67.8,0.0,271.2
650,55,PR,Casa,Recorrente,Boleto,5,231.0,0.05,1097.25
651,66,SP,Eletronicos,VIP,Pix,1,543.08,0.15,461.62
652,24,RJ,Esporte,Novo,Cartao,2,208.8,0.0,417.6
653,35,MG,Moda,Recorrente,Boleto,3,105.72,0.05,301.3
654,46,BA,Livros,VIP,Pix,4,63.62,0.15,216.31
655,57,PR,Casa,Novo,Cartao,5,247.0,0.0,1235.0
656,68,SP,Eletronicos,Recorrente,Boleto,1,589.2,0.05,559.74
657,26,RJ,Esporte,VIP,Pix,2,147.9,0.15,251.43
658,37,MG,Moda,Novo,Cartao,3,114.6,0.0,343.8
659,48,BA,Livros,Recorrente,Boleto,4,70.81,0.05,269.08
660,59,PR,Casa,VIP,Pix,5,218.8,0.15,929.9
661,70,SP,Eletronicos,Novo,Cartao,1,623.0,0.0,623.0
662,28,RJ,Esporte,Recorrente,Boleto,2,164.26,0.05,312.09
663,39,MG,Moda,VIP,Pix,3,103.49,0.15,263.9
664,50,BA,Livros,Novo,Cartao,4,76.8,0.0,307.2
665,61,PR,Casa,Recorrente,Boleto,5,240.0,0.05,1140.0
666,19,SP,Eletronicos,VIP,Pix,1,552.08,0.15,469.27
667,30,RJ,Esporte,Novo,Cartao,2,176.8,0.0,353.6
668,41,MG,Moda,Recorrente,Boleto,3,114.72,0.05,326.95
669,52,BA,Livros,VIP,Pix,4,72.62,0.15,246.91
670,63,PR,Casa,Novo,Cartao,5,256.0,0.0,1280.0
671,21,SP,Eletronicos,Recorrente,Boleto,1,598.2,0.05,568.29
672,32,RJ,Esporte,VIP,Pix,2,156.9,0.15,266.73
673,43,MG,Moda,Novo,Cartao,3,123.6,0.0,370.8
674,54,BA,Livros,Recorrente,Boleto,4,38.81,0.05,147.48
675,65,PR,Casa,VIP,Pix,5,227.8,0.15,968.15
676,23,SP,Eletronicos,Novo,Cartao,1,632.0,0.0,632.0
677,34,RJ,Esporte,Recorrente,Boleto,2,173.26,0.05,329.19
678,45,MG,Moda,VIP,Pix,3,112.49,0.15,286.85
679,56,BA,Livros,Novo,Cartao,4,44.8,0.0,179.2
680,67,PR,Casa,Recorrente,Boleto,5,249.0,0.05,1182.75
681,25,SP,Eletronicos,VIP,Pix,1,561.08,0.15,476.92
682,36,RJ,Esporte,Novo,Cartao,2,185.8,0.0,371.6
683,47,MG,Moda,Recorrente,Boleto,3,123.72,0.05,352.6
684,58,BA,Livros,VIP,Pix,4,40.62,0.15,138.11
685,69,PR,Casa,Novo,Cartao,5,265.0,0.0,1325.0
686,27,SP,Eletronicos,Recorrente,Boleto,1,566.2,0.05,537.89
687,38,RJ,Esporte,VIP,Pix,2,165.9,0.15,282.03
688,49,MG,Moda,Novo,Cartao,3,132.6,0.0,397.8
689,60,BA,Livros,Recorrente,Boleto,4,47.81,0.05,181.68
690,18,PR,Casa,VIP,Pix,5,236.8,0.15,1006.4
691,29,SP,Eletronicos,Novo,Cartao,1,600.0,0.0,600.0
692,40,RJ,Esporte,Recorrente,Boleto,2,182.26,0.05,346.29
693,51,MG,Moda,VIP,Pix,3,121.49,0.15,309.8
694,62,BA,Livros,Novo,Cartao,4,53.8,0.0,215.2
695,20,PR,Casa,Recorrente,Boleto,5,258.0,0.05,1225.5
696,31,SP,Eletronicos,VIP,Pix,1,529.08,0.15,449.72
697,42,RJ,Esporte,Novo,Cartao,2,194.8,0.0,389.6
698,53,MG,Moda,Recorrente,Boleto,3,91.72,0.05,261.4
699,64,BA,Livros,VIP,Pix,4,49.62,0.15,168.71
700,22,PR,Casa,Novo,Cartao,5,274.0,0.0,1370.0
701,33,SP,Eletronicos,Recorrente,Boleto,1,575.2,0.05,546.44
702,44,RJ,Esporte,VIP,Pix,2,174.9,0.15,297.33
703,55,MG,Moda,Novo,Cartao,3,100.6,0.0,301.8
704,66,BA,Livros,Recorrente,Boleto,4,56.81,0.05,215.88
705,24,PR,Casa,VIP,Pix,5,245.8,0.15,1044.65
706,35,SP,Eletronicos,Novo,Cartao,1,609.0,0.0,609.0
707,46,RJ,Esporte,Recorrente,Boleto,2,191.26,0.05,363.39
708,57,MG,Moda,VIP,Pix,3,89.49,0.15,228.2
709,68,BA,Livros,Novo,Cartao,4,62.8,0.0,251.2
710,26,PR,Casa,Recorrente,Boleto,5,267.0,0.05,1268.25
711,37,SP,Eletronicos,VIP,Pix,1,538.08,0.15,457.37
712,48,RJ,Esporte,Novo,Cartao,2,203.8,0.0,407.6
713,59,MG,Moda,Recorrente,Boleto,3,100.72,0.05,287.05
714,70,BA,Livros,VIP,Pix,4,58.62,0.15,199.31
715,28,PR,Casa,Novo,Cartao,5,242.0,0.0,1210.0
716,39,SP,Eletronicos,Recorrente,Boleto,1,584.2,0.05,554.99
717,50,RJ,Esporte,VIP,Pix,2,183.9,0.15,312.63
718,61,MG,Moda,Novo,Cartao,3,109.6,0.0,328.8
719,19,BA,Livros,Recorrente,Boleto,4,65.81,0.05,250.08
720,30,PR,Casa,VIP,Pix,5,213.8,0.15,908.65
721,41,SP,Eletronicos,Novo,Cartao,1,618.0,0.0,618.0
722,52,RJ,Esporte,Recorrente,Boleto,2,200.26,0.05,380.49
723,63,MG,Moda,VIP,Pix,3,98.49,0.15,251.15
724,21,BA,Livros,Novo,Cartao,4,71.8,0.0,287.2
725,32,PR,Casa,Recorrente,Boleto,5,235.0,0.05,1116.25
726,43,SP,Eletronicos,VIP,Pix,1,547.08,0.15,465.02
727,54,RJ,Esporte,Novo,Cartao,2,171.8,0.0,343.6
728,65,MG,Moda,Recorrente,Boleto,3,109.72,0.05,312.7
729,23,BA,Livros,VIP,Pix,4,67.62,0.15,229.91
730,34,PR,Casa,Novo,Cartao,5,251.0,0.0,1255.0
731,45,SP,Eletronicos,Recorrente,Boleto,1,593.2,0.05,563.54
732,56,RJ,Esporte,VIP,Pix,2,151.9,0.15,258.23
733,67,MG,Moda,Novo,Cartao,3,118.6,0.0,355.8
734,25,BA,Livros,Recorrente,Boleto,4,74.81,0.05,284.28
735,36,PR,Casa,VIP,Pix,5,222.8,0.15,946.9
736,47,SP,Eletronicos,Novo,Cartao,1,627.0,0.0,627.0
737,58,RJ,Esporte,Recorrente,Boleto,2,168.26,0.05,319.69
738,69,MG,Moda,VIP,Pix,3,107.49,0.15,274.1
739,27,BA,Livros,Novo,Cartao,4,39.8,0.0,159.2
740,38,PR,Casa,Recorrente,Boleto,5,244.0,0.05,1159.0
741,49,SP,Eletronicos,VIP,Pix,1,556.08,0.15,472.67
742,60,RJ,Esporte,Novo,Cartao,2,180.8,0.0,361.6
743,18,MG,Moda,Recorrente,Boleto,3,118.72,0.05,338.35
744,29,BA,Livros,VIP,Pix,4,35.62,0.15,121.11
745,40,PR,Casa,Novo,Cartao,5,260.0,0.0,1300.0
746,51,SP,Eletronicos,Recorrente,Boleto,1,602.2,0.05,572.09
747,62,RJ,Esporte,VIP,Pix,2,160.9,0.15,273.53
748,20,MG,Moda,Novo,Cartao,3,127.6,0.0,382.8
749,31,BA,Livros,Recorrente,Boleto,4,42.81,0.05,162.68
750,42,PR,Casa,VIP,Pix,5,231.8,0.15,985.15
751,53,SP,Eletronicos,Novo,Cartao,1,636.0,0.0,636.0
752,64,RJ,Esporte,Recorrente,Boleto,2,177.26,0.05,336.79
753,22,MG,Moda,VIP,Pix,3,116.49,0.15,297.05
754,33,BA,Livros,Novo,Cartao,4,48.8,0.0,195.2
755,44,PR,Casa,Recorrente,Boleto,5,253.0,0.05,1201.75
756,55,SP,Eletronicos,VIP,Pix,1,524.08,0.15,445.47
757,66,RJ,Esporte,Novo,Cartao,2,189.8,0.0,379.6
758,24,MG,Moda,Recorrente,Boleto,3,127.72,0.05,364.0
759,35,BA,Livros,VIP,Pix,4,44.62,0.15,151.71
760,46,PR,Casa,Novo,Cartao,5,269.0,0.0,1345.0
761,57,SP,Eletronicos,Recorrente,Boleto,1,570.2,0.05,541.69
762,68,RJ,Esporte,VIP,Pix,2,169.9,0.15,288.83
763,26,MG,Moda,Novo,Cartao,3,136.6,0.0,409.8
764,37,BA,Livros,Recorrente,Boleto,4,51.81,0.05,196.88
765,48,PR,Casa,VIP,Pix,5,240.8,0.15,1023.4
766,59,SP,Eletronicos,Novo,Cartao,1,604.0,0.0,604.0
767,70,RJ,Esporte,Recorrente,Boleto,2,186.26,0.05,353.89
768,28,MG,Moda,VIP,Pix,3,84.49,0.15,215.45
769,39,BA,Livros,Novo,Cartao,4,57.8,0.0,231.2
770,50,PR,Casa,Recorrente,Boleto,5,262.0,0.05,1244.5
771,61,SP,Eletronicos,VIP,Pix,1,533.08,0.15,453.12
772,19,RJ,Esporte,Novo,Cartao,2,198.8,0.0,397.6
773,30,MG,Moda,Recorrente,Boleto,3,95.72,0.05,272.8
774,41,BA,Livros,VIP,Pix,4,53.62,0.15,182.31
775,52,PR,Casa,Novo,Cartao,5,278.0,0.0,1390.0
776,63,SP,Eletronicos,Recorrente,Boleto,1,579.2,0.05,550.24
777,21,RJ,Esporte,VIP,Pix,2,178.9,0.15,304.13
778,32,MG,Moda,Novo,Cartao,3,104.6,0.0,313.8
779,43,BA,Livros,Recorrente,Boleto,4,60.81,0.05,231.08
780,54,PR,Casa,VIP,Pix,5,208.8,0.15,887.4
781,65,SP,Eletronicos,Novo,Cartao,1,613.0,0.0,613.0
782,23,RJ,Esporte,Recorrente,Boleto,2,195.26,0.05,370.99
783,34,MG,Moda,VIP,Pix,3,93.49,0.15,238.4
784,45,BA,Livros,Novo,Cartao,4,66.8,0.0,267.2
785,56,PR,Casa,Recorrente,Boleto,5,230.0,0.05,1092.5
786,67,SP,Eletronicos,VIP,Pix,1,542.08,0.15,460.77
787,25,RJ,Esporte,Novo,Cartao,2,207.8,0.0,415.6
788,36,MG,Moda,Recorrente,Boleto,3,104.72,0.05,298.45
789,47,BA,Livros,VIP,Pix,4,62.62,0.15,212.91
790,58,PR,Casa,Novo,Cartao,5,246.0,0.0,1230.0
791,69,SP,Eletronicos,Recorrente,Boleto,1,588.2,0.05,558.79
792,27,RJ,Esporte,VIP,Pix,2,187.9,0.15,319.43
793,38,MG,Moda,Novo,Cartao,3,113.6,0.0,340.8
794,49,BA,Livros,Recorrente,Boleto,4,69.81,0.05,265.28
795,60,PR,Casa,VIP,Pix,5,217.8,0.15,925.65
796,18,SP,Eletronicos,Novo,Cartao,1,622.0,0.0,622.0
797,29,RJ,Esporte,Recorrente,Boleto,2,163.26,0.05,310.19
798,40,MG,Moda,VIP,Pix,3,102.49,0.15,261.35
799,51,BA,Livros,Novo,Cartao,4,75.8,0.0,303.2
800,62,PR,Casa,Recorrente,Boleto,5,239.0,0.05,1135.25
801,20,SP,Eletronicos,VIP,Pix,1,551.08,0.15,468.42
802,31,RJ,Esporte,Novo,Cartao,2,175.8,0.0,351.6
803,42,MG,Moda,Recorrente,Boleto,3,113.72,0.05,324.1
804,53,BA,Livros,VIP,Pix,4,71.62,0.15,243.51
805,64,PR,Casa,Novo,Cartao,5,255.0,0.0,1275.0
806,22,SP,Eletronicos,Recorrente,Boleto,1,597.2,0.05,567.34
807,33,RJ,Esporte,VIP,Pix,2,155.9,0.15,265.03
808,44,MG,Moda,Novo,Cartao,3,122.6,0.0,367.8
809,55,BA,Livros,Recorrente,Boleto,4,37.81,0.05,143.68
810,66,PR,Casa,VIP,Pix,5,226.8,0.15,963.9
811,24,SP,Eletronicos,Novo,Cartao,1,631.0,0.0,631.0
812,35,RJ,Esporte,Recorrente,Boleto,2,172.26,0.05,327.29
813,46,MG,Moda,VIP,Pix,3,111.49,0.15,284.3
814,57,BA,Livros,Novo,Cartao,4,43.8,0.0,175.2
815,68,PR,Casa,Recorrente,Boleto,5,248.0,0.05,1178.0
816,26,SP,Eletronicos,VIP,Pix,1,560.08,0.15,476.07
817,37,RJ,Esporte,Novo,Cartao,2,184.8,0.0,369.6
818,48,MG,Moda,Recorrente,Boleto,3,122.72,0.05,349.75
819,59,BA,Livros,VIP,Pix,4,39.62,0.15,134.71
820,70,PR,Casa,Novo,Cartao,5,264.0,0.0,1320.0
821,28,SP,Eletronicos,Recorrente,Boleto,1,565.2,0.05,536.94
822,39,RJ,Esporte,VIP,Pix,2,164.9,0.15,280.33
823,50,MG,Moda,Novo,Cartao,3,131.6,0.0,394.8
824,61,BA,Livros,Recorrente,Boleto,4,46.81,0.05,177.88
825,19,PR,Casa,VIP,Pix,5,235.8,0.15,1002.15
826,30,SP,Eletronicos,Novo,Cartao,1,599.0,0.0,599.0
827,41,RJ,Esporte,Recorrente,Boleto,2,181.26,0.05,344.39
828,52,MG,Moda,VIP,Pix,3,120.49,0.15,307.25
829,63,BA,Livros,Novo,Cartao,4,52.8,0.0,211.2
830,21,PR,Casa,Recorrente,Boleto,5,257.0,0.05,1220.75
831,32,SP,Eletronicos,VIP,Pix,1,528.08,0.15,448.87
832,43,RJ,Esporte,Novo,Cartao,2,193.8,0.0,387.6
833,54,MG,Moda,Recorrente,Boleto,3,131.72,0.05,375.4
834,65,BA,Livros,VIP,Pix,4,48.62,0.15,165.31
835,23,PR,Casa,Novo,Cartao,5,273.0,0.0,1365.0
836,34,SP,Eletronicos,Recorrente,Boleto,1,574.2,0.05,545.49
837,45,RJ,Esporte,VIP,Pix,2,173.9,0.15,295.63
838,56,MG,Moda,Novo,Cartao,3,99.6,0.0,298.8
839,67,BA,Livros,Recorrente,Boleto,4,55.81,0.05,212.08
840,25,PR,Casa,VIP,Pix,5,244.8,0.15,1040.4
841,36,SP,Eletronicos,Novo,Cartao,1,608.0,0.0,608.0
842,47,RJ,Esporte,Recorrente,Boleto,2,190.26,0.05,361.49
843,58,MG,Moda,VIP,Pix,3,88.49,0.15,225.65
844,69,BA,Livros,Novo,Cartao,4,61.8,0.0,247.2
845,27,PR,Casa,Recorrente,Boleto,5,266.0,0.05,1263.5
846,38,SP,Eletronicos,VIP,Pix,1,537.08,0.15,456.52
847,49,RJ,Esporte,Novo,Cartao,2,202.8,0.0,405.6
848,60,MG,Moda,Recorrente,Boleto,3,99.72,0.05,284.2
849,18,BA,Livros,VIP,Pix,4,57.62,0.15,195.91
850,29,PR,Casa,Novo,Cartao,5,241.0,0.0,1205.0
851,40,SP,Eletronicos,Recorrente,Boleto,1,583.2,0.05,554.04
852,51,RJ,Esporte,VIP,Pix,2,182.9,0.15,310.93
853,62,MG,Moda,Novo,Cartao,3,108.6,0.0,325.8
854,20,BA,Livros,Recorrente,Boleto,4,64.81,0.05,246.28
855,31,PR,Casa,VIP,Pix,5,212.8,0.15,904.4
856,42,SP,Eletronicos,Novo,Cartao,1,617.0,0.0,617.0
857,53,RJ,Esporte,Recorrente,Boleto,2,199.26,0.05,378.59
858,64,MG,Moda,VIP,Pix,3,97.49,0.15,248.6
859,22,BA,Livros,Novo,Cartao,4,70.8,0.0,283.2
860,33,PR,Casa,Recorrente,Boleto,5,234.0,0.05,1111.5
861,44,SP,Eletronicos,VIP,Pix,1,546.08,0.15,464.17
862,55,RJ,Esporte,Novo,Cartao,2,170.8,0.0,341.6
863,66,MG,Moda,Recorrente,Boleto,3,108.72,0.05,309.85
864,24,BA,Livros,VIP,Pix,4,66.62,0.15,226.51
865,35,PR,Casa,Novo,Cartao,5,250.0,0.0,1250.0
866,46,SP,Eletronicos,Recorrente,Boleto,1,592.2,0.05,562.59
867,57,RJ,Esporte,VIP,Pix,2,150.9,0.15,256.53
868,68,MG,Moda,Novo,Cartao,3,117.6,0.0,352.8
869,26,BA,Livros,Recorrente,Boleto,4,73.81,0.05,280.48
870,37,PR,Casa,VIP,Pix,5,221.8,0.15,942.65
871,48,SP,Eletronicos,Novo,Cartao,1,626.0,0.0,626.0
872,59,RJ,Esporte,Recorrente,Boleto,2,167.26,0.05,317.79
873,70,MG,Moda,VIP,Pix,3,106.49,0.15,271.55
874,28,BA,Livros,Novo,Cartao,4,79.8,0.0,319.2
875,39,PR,Casa,Recorrente,Boleto,5,243.0,0.05,1154.25
876,50,SP,Eletronicos,VIP,Pix,1,555.08,0.15,471.82
877,61,RJ,Esporte,Novo,Cartao,2,179.8,0.0,359.6
878,19,MG,Moda,Recorrente,Boleto,3,117.72,0.05,335.5
879,30,BA,Livros,VIP,Pix,4,34.62,0.15,117.71
880,41,PR,Casa,Novo,Cartao,5,259.0,0.0,1295.0
881,52,SP,Eletronicos,Recorrente,Boleto,1,601.2,0.05,571.14
882,63,RJ,Esporte,VIP,Pix,2,159.9,0.15,271.83
883,21,MG,Moda,Novo,Cartao,3,126.6,0.0,379.8
884,32,BA,Livros,Recorrente,Boleto,4,41.81,0.05,158.88
885,43,PR,Casa,VIP,Pix,5,230.8,0.15,980.9
886,54,SP,Eletronicos,Novo,Cartao,1,635.0,0.0,635.0
887,65,RJ,Esporte,Recorrente,Boleto,2,176.26,0.05,334.89
888,23,MG,Moda,VIP,Pix,3,115.49,0.15,294.5
889,34,BA,Livros,Novo,Cartao,4,47.8,0.0,191.2
890,45,PR,Casa,Recorrente,Boleto,5,252.0,0.05,1197.0
891,56,SP,Eletronicos,VIP,Pix,1,523.08,0.15,444.62
892,67,RJ,Esporte,Novo,Cartao,2,188.8,0.0,377.6
893,25,MG,Moda,Recorrente,Boleto,3,126.72,0.05,361.15
894,36,BA,Livros,VIP,Pix,4,43.62,0.15,148.31
895,47,PR,Casa,Novo,Cartao,5,268.0,0.0,1340.0
896,58,SP,Eletronicos,Recorrente,Boleto,1,569.2,0.05,540.74
897,69,RJ,Esporte,VIP,Pix,2,168.9,0.15,287.13
898,27,MG,Moda,Novo,Cartao,3,135.6,0.0,406.8
899,38,BA,Livros,Recorrente,Boleto,4,50.81,0.05,193.08
900,49,PR,Casa,VIP,Pix,5,239.8,0.15,1019.15
901,60,SP,Eletronicos,Novo,Cartao,1,603.0,0.0,603.0
902,18,RJ,Esporte,Recorrente,Boleto,2,185.26,0.05,351.99
903,29,MG,Moda,VIP,Pix,3,83.49,0.15,212.9
904,40,BA,Livros,Novo,Cartao,4,56.8,0.0,227.2
905,51,PR,Casa,Recorrente,Boleto,5,261.0,0.05,1239.75
906,62,SP,Eletronicos,VIP,Pix,1,532.08,0.15,452.27
907,20,RJ,Esporte,Novo,Cartao,2,197.8,0.0,395.6
908,31,MG,Moda,Recorrente,Boleto,3,94.72,0.05,269.95
909,42,BA,Livros,VIP,Pix,4,52.62,0.15,178.91
910,53,PR,Casa,Novo,Cartao,5,277.0,0.0,1385.0
911,64,SP,Eletronicos,Recorrente,Boleto,1,578.2,0.05,549.29
912,22,RJ,Esporte,VIP,Pix,2,177.9,0.15,302.43
913,33,MG,Moda,Novo,Cartao,3,103.6,0.0,310.8
914,44,BA,Livros,Recorrente,Boleto,4,59.81,0.05,227.28
915,55,PR,Casa,VIP,Pix,5,248.8,0.15,1057.4
916,66,SP,Eletronicos,Novo,Cartao,1,612.0,0.0,612.0
917,24,RJ,Esporte,Recorrente,Boleto,2,194.26,0.05,369.09
918,35,MG,Moda,VIP,Pix,3,92.49,0.15,235.85
919,46,BA,Livros,Novo,Cartao,4,65.8,0.0,263.2
920,57,PR,Casa,Recorrente,Boleto,5,229.0,0.05,1087.75
921,68,SP,Eletronicos,VIP,Pix,1,541.08,0.15,459.92
922,26,RJ,Esporte,Novo,Cartao,2,206.8,0.0,413.6
923,37,MG,Moda,Recorrente,Boleto,3,103.72,0.05,295.6
924,48,BA,Livros,VIP,Pix,4,61.62,0.15,209.51
925,59,PR,Casa,Novo,Cartao,5,245.0,0.0,1225.0
926,70,SP,Eletronicos,Recorrente,Boleto,1,587.2,0.05,557.84
927,28,RJ,Esporte,VIP,Pix,2,186.9,0.15,317.73
928,39,MG,Moda,Novo,Cartao,3,112.6,0.0,337.8
929,50,BA,Livros,Recorrente,Boleto,4,68.81,0.05,261.48
930,61,PR,Casa,VIP,Pix,5,216.8,0.15,921.4
931,19,SP,Eletronicos,Novo,Cartao,1,621.0,0.0,621.0
932,30,RJ,Esporte,Recorrente,Boleto,2,162.26,0.05,308.29
933,41,MG,Moda,VIP,Pix,3,101.49,0.15,258.8
934,52,BA,Livros,Novo,Cartao,4,74.8,0.0,299.2
935,63,PR,Casa,Recorrente,Boleto,5,238.0,0.05,1130.5
936,21,SP,Eletronicos,VIP,Pix,1,550.08,0.15,467.57
937,32,RJ,Esporte,Novo,Cartao,2,174.8,0.0,349.6
938,43,MG,Moda,Recorrente,Boleto,3,112.72,0.05,321.25
939,54,BA,Livros,VIP,Pix,4,70.62,0.15,240.11
940,65,PR,Casa,Novo,Cartao,5,254.0,0.0,1270.0
941,23,SP,Eletronicos,Recorrente,Boleto,1,596.2,0.05,566.39
942,34,RJ,Esporte,VIP,Pix,2,154.9,0.15,263.33
943,45,MG,Moda,Novo,Cartao,3,121.6,0.0,364.8
944,56,BA,Livros,Recorrente,Boleto,4,36.81,0.05,139.88
945,67,PR,Casa,VIP,Pix,5,225.8,0.15,959.65
946,25,SP,Eletronicos,Novo,Cartao,1,630.0,0.0,630.0
947,36,RJ,Esporte,Recorrente,Boleto,2,171.26,0.05,325.39
948,47,MG,Moda,VIP,Pix,3,110.49,0.15,281.75
949,58,BA,Livros,Novo,Cartao,4,42.8,0.0,171.2
950,69,PR,Casa,Recorrente,Boleto,5,247.0,0.05,1173.25
951,27,SP,Eletronicos,VIP,Pix,1,559.08,0.15,475.22
952,38,RJ,Esporte,Novo,Cartao,2,183.8,0.0,367.6
953,49,MG,Moda,Recorrente,Boleto,3,121.72,0.05,346.9
954,60,BA,Livros,VIP,Pix,4,38.62,0.15,131.31
955,18,PR,Casa,Novo,Cartao,5,263.0,0.0,1315.0
956,29,SP,Eletronicos,Recorrente,Boleto,1,605.2,0.05,574.94
957,40,RJ,Esporte,VIP,Pix,2,163.9,0.15,278.63
958,51,MG,Moda,Novo,Cartao,3,130.6,0.0,391.8
959,62,BA,Livros,Recorrente,Boleto,4,45.81,0.05,174.08
960,20,PR,Casa,VIP,Pix,5,234.8,0.15,997.9
961,31,SP,Eletronicos,Novo,Cartao,1,598.0,0.0,598.0
962,42,RJ,Esporte,Recorrente,Boleto,2,180.26,0.05,342.49
963,53,MG,Moda,VIP,Pix,3,119.49,0.15,304.7
964,64,BA,Livros,Novo,Cartao,4,51.8,0.0,207.2
965,22,PR,Casa,Recorrente,Boleto,5,256.0,0.05,1216.0
966,33,SP,Eletronicos,VIP,Pix,1,527.08,0.15,448.02
967,44,RJ,Esporte,Novo,Cartao,2,192.8,0.0,385.6
968,55,MG,Moda,Recorrente,Boleto,3,130.72,0.05,372.55
969,66,BA,Livros,VIP,Pix,4,47.62,0.15,161.91
970,24,PR,Casa,Novo,Cartao,5,272.0,0.0,1360.0
971,35,SP,Eletronicos,Recorrente,Boleto,1,573.2,0.05,544.54
972,46,RJ,Esporte,VIP,Pix,2,172.9,0.15,293.93
973,57,MG,Moda,Novo,Cartao,3,98.6,0.0,295.8
974,68,BA,Livros,Recorrente,Boleto,4,54.81,0.05,208.28
975,26,PR,Casa,VIP,Pix,5,243.8,0.15,1036.15
976,37,SP,Eletronicos,Novo,Cartao,1,607.0,0.0,607.0
977,48,RJ,Esporte,Recorrente,Boleto,2,189.26,0.05,359.59
978,59,MG,Moda,VIP,Pix,3,87.49,0.15,223.1
979,70,BA,Livros,Novo,Cartao,4,60.8,0.0,243.2
980,28,PR,Casa,Recorrente,Boleto,5,265.0,0.05,1258.75
981,39,SP,Eletronicos,VIP,Pix,1,536.08,0.15,455.67
982,50,RJ,Esporte,Novo,Cartao,2,201.8,0.0,403.6
983,61,MG,Moda,Recorrente,Boleto,3,98.72,0.05,281.35
984,19,BA,Livros,VIP,Pix,4,56.62,0.15,192.51
985,30,PR,Casa,Novo,Cartao,5,240.0,0.0,1200.0
986,41,SP,Eletronicos,Recorrente,Boleto,1,582.2,0.05,553.09
987,52,RJ,Esporte,VIP,Pix,2,181.9,0.15,309.23
988,63,MG,Moda,Novo,Cartao,3,107.6,0.0,322.8
989,21,BA,Livros,Recorrente,Boleto,4,63.81,0.05,242.48
990,32,PR,Casa,VIP,Pix,5,211.8,0.15,900.15
991,43,SP,Eletronicos,Novo,Cartao,1,616.0,0.0,616.0
992,54,RJ,Esporte,Recorrente,Boleto,2,198.26,0.05,376.69
993,65,MG,Moda,VIP,Pix,3,96.49,0.15,246.05
994,23,BA,Livros,Novo,Cartao,4,69.8,0.0,279.2
995,34,PR,Casa,Recorrente,Boleto,5,233.0,0.05,1106.75
996,45,SP,Eletronicos,VIP,Pix,1,545.08,0.15,463.32
997,56,RJ,Esporte,Novo,Cartao,2,210.8,0.0,421.6
998,67,MG,Moda,Recorrente,Boleto,3,107.72,0.05,307.0
999,25,BA,Livros,VIP,Pix,4,65.62,0.15,223.11
1000,36,PR,Casa,Novo,Cartao,5,249.0,0.0,1245.0
1001,47,SP,Eletronicos,Recorrente,Boleto,1,591.2,0.05,561.64
1002,58,RJ,Esporte,VIP,Pix,2,149.9,0.15,254.83
1003,69,MG,Moda,Novo,Cartao,3,116.6,0.0,349.8
1004,27,BA,Livros,Recorrente,Boleto,4,72.81,0.05,276.68
1005,38,PR,Casa,VIP,Pix,5,220.8,0.15,938.4
1006,49,SP,Eletronicos,Novo,Cartao,1,625.0,0.0,625.0
1007,60,RJ,Esporte,Recorrente,Boleto,2,166.26,0.05,315.89
1008,18,MG,Moda,VIP,Pix,3,105.49,0.15,269.0
1009,29,BA,Livros,Novo,Cartao,4,78.8,0.0,315.2
1010,40,PR,Casa,Recorrente,Boleto,5,242.0,0.05,1149.5
1011,51,SP,Eletronicos,VIP,Pix,1,554.08,0.15,470.97
1012,62,RJ,Esporte,Novo,Cartao,2,178.8,0.0,357.6
1013,20,MG,Moda,Recorrente,Boleto,3,116.72,0.05,332.65
1014,31,BA,Livros,VIP,Pix,4,33.62,0.15,114.31
1015,42,PR,Casa,Novo,Cartao,5,258.0,0.0,1290.0
1016,53,SP,Eletronicos,Recorrente,Boleto,1,600.2,0.05,570.19
1017,64,RJ,Esporte,VIP,Pix,2,158.9,0.15,270.13
1018,22,MG,Moda,Novo,Cartao,3,125.6,0.0,376.8
1019,33,BA,Livros,Recorrente,Boleto,4,40.81,0.05,155.08
1020,44,PR,Casa,VIP,Pix,5,229.8,0.15,976.65
1021,55,SP,Eletronicos,Novo,Cartao,1,634.0,0.0,634.0
1022,66,RJ,Esporte,Recorrente,Boleto,2,175.26,0.05,332.99
1023,24,MG,Moda,VIP,Pix,3,114.49,0.15,291.95
1024,35,BA,Livros,Novo,Cartao,4,46.8,0.0,187.2
1025,46,PR,Casa,Recorrente,Boleto,5,251.0,0.05,1192.25
1026,57,SP,Eletronicos,VIP,Pix,1,522.08,0.15,443.77
1027,68,RJ,Esporte,Novo,Cartao,2,187.8,0.0,375.6
1028,26,MG,Moda,Recorrente,Boleto,3,125.72,0.05,358.3
1029,37,BA,Livros,VIP,Pix,4,42.62,0.15,144.91
1030,48,PR,Casa,Novo,Cartao,5,267.0,0.0,1335.0
1031,59,SP,Eletronicos,Recorrente,Boleto,1,568.2,0.05,539.79
1032,70,RJ,Esporte,VIP,Pix,2,167.9,0.15,285.43
1033,28,MG,Moda,Novo,Cartao,3,134.6,0.0,403.8
1034,39,BA,Livros,Recorrente,Boleto,4,49.81,0.05,189.28
1035,50,PR,Casa,VIP,Pix,5,238.8,0.15,1014.9
1036,61,SP,Eletronicos,Novo,Cartao,1,602.0,0.0,602.0
1037,19,RJ,Esporte,Recorrente,Boleto,2,184.26,0.05,350.09
1038,30,MG,Moda,VIP,Pix,3,123.49,0.15,314.9
1039,41,BA,Livros,Novo,Cartao,4,55.8,0.0,223.2
1040,52,PR,Casa,Recorrente,Boleto,5,260.0,0.05,1235.0
1041,63,SP,Eletronicos,VIP,Pix,1,531.08,0.15,451.42
1042,21,RJ,Esporte,Novo,Cartao,2,196.8,0.0,393.6
1043,32,MG,Moda,Recorrente,Boleto,3,93.72,0.05,267.1
1044,43,BA,Livros,VIP,Pix,4,51.62,0.15,175.51
1045,54,PR,Casa,Novo,Cartao,5,276.0,0.0,1380.0
1046,65,SP,Eletronicos,Recorrente,Boleto,1,577.2,0.05,548.34
1047,23,RJ,Esporte,VIP,Pix,2,176.9,0.15,300.73
1048,34,MG,Moda,Novo,Cartao,3,102.6,0.0,307.8
1049,45,BA,Livros,Recorrente,Boleto,4,58.81,0.05,223.48
1050,56,PR,Casa,VIP,Pix,5,247.8,0.15,1053.15
1051,67,SP,Eletronicos,Novo,Cartao,1,611.0,0.0,611.0
1052,25,RJ,Esporte,Recorrente,Boleto,2,193.26,0.05,367.19
1053,36,MG,Moda,VIP,Pix,3,91.49,0.15,233.3
1054,47,BA,Livros,Novo,Cartao,4,64.8,0.0,259.2
1055,58,PR,Casa,Recorrente,Boleto,5,228.0,0.05,1083.0
1056,69,SP,Eletronicos,VIP,Pix,1,540.08,0.15,459.07
1057,27,RJ,Esporte,Novo,Cartao,2,205.8,0.0,411.6
1058,38,MG,Moda,Recorrente,Boleto,3,102.72,0.05,292.75
1059,49,BA,Livros,VIP,Pix,4,60.62,0.15,206.11
1060,60,PR,Casa,Novo,Cartao,5,244.0,0.0,1220.0
1061,18,SP,Eletronicos,Recorrente,Boleto,1,586.2,0.05,556.89
1062,29,RJ,Esporte,VIP,Pix,2,185.9,0.15,316.03
1063,40,MG,Moda,Novo,Cartao,3,111.6,0.0,334.8
1064,51,BA,Livros,Recorrente,Boleto,4,67.81,0.05,257.68
1065,62,PR,Casa,VIP,Pix,5,215.8,0.15,917.15
1066,20,SP,Eletronicos,Novo,Cartao,1,620.0,0.0,620.0
1067,31,RJ,Esporte,Recorrente,Boleto,2,161.26,0.05,306.39
1068,42,MG,Moda,VIP,Pix,3,100.49,0.15,256.25
1069,53,BA,Livros,Novo,Cartao,4,73.8,0.0,295.2
1070,64,PR,Casa,Recorrente,Boleto,5,237.0,0.05,1125.75
1071,22,SP,Eletronicos,VIP,Pix,1,549.08,0.15,466.72
1072,33,RJ,Esporte,Novo,Cartao,2,173.8,0.0,347.6
1073,44,MG,Moda,Recorrente,Boleto,3,111.72,0.05,318.4
1074,55,BA,Livros,VIP,Pix,4,69.62,0.15,236.71
1075,66,PR,Casa,Novo,Cartao,5,253.0,0.0,1265.0
1076,24,SP,Eletronicos,Recorrente,Boleto,1,595.2,0.05,565.44
1077,35,RJ,Esporte,VIP,Pix,2,153.9,0.15,261.63
1078,46,MG,Moda,Novo,Cartao,3,120.6,0.0,361.8
1079,57,BA,Livros,Recorrente,Boleto,4,76.81,0.05,291.88
1080,68,PR,Casa,VIP,Pix,5,224.8,0.15,955.4
1081,26,SP,Eletronicos,Novo,Cartao,1,629.0,0.0,629.0
1082,37,RJ,Esporte,Recorrente,Boleto,2,170.26,0.05,323.49
1083,48,MG,Moda,VIP,Pix,3,109.49,0.15,279.2
1084,59,BA,Livros,Novo,Cartao,4,41.8,0.0,167.2
1085,70,PR,Casa,Recorrente,Boleto,5,246.0,0.05,1168.5
1086,28,SP,Eletronicos,VIP,Pix,1,558.08,0.15,474.37
1087,39,RJ,Esporte,Novo,Cartao,2,182.8,0.0,365.6
1088,50,MG,Moda,Recorrente,Boleto,3,120.72,0.05,344.05
1089,61,BA,Livros,VIP,Pix,4,37.62,0.15,127.91
1090,19,PR,Casa,Novo,Cartao,5,262.0,0.0,1310.0
1091,30,SP,Eletronicos,Recorrente,Boleto,1,604.2,0.05,573.99
1092,41,RJ,Esporte,VIP,Pix,2,162.9,0.15,276.93
1093,52,MG,Moda,Novo,Cartao,3,129.6,0.0,388.8
1094,63,BA,Livros,Recorrente,Boleto,4,44.81,0.05,170.28
1095,21,PR,Casa,VIP,Pix,5,233.8,0.15,993.65
1096,32,SP,Eletronicos,Novo,Cartao,1,597.0,0.0,597.0
1097,43,RJ,Esporte,Recorrente,Boleto,2,179.26,0.05,340.59
1098,54,MG,Moda,VIP,Pix,3,118.49,0.15,302.15
1099,65,BA,Livros,Novo,Cartao,4,50.8,0.0,203.2
1100,23,PR,Casa,Recorrente,Boleto,5,255.0,0.05,1211.25
1101,34,SP,Eletronicos,VIP,Pix,1,526.08,0.15,447.17
1102,45,RJ,Esporte,Novo,Cartao,2,191.8,0.0,383.6
1103,56,MG,Moda,Recorrente,Boleto,3,129.72,0.05,369.7
1104,67,BA,Livros,VIP,Pix,4,46.62,0.15,158.51
1105,25,PR,Casa,Novo,Cartao,5,271.0,0.0,1355.0
1106,36,SP,Eletronicos,Recorrente,Boleto,1,572.2,0.05,543.59
1107,47,RJ,Esporte,VIP,Pix,2,171.9,0.15,292.23
1108,58,MG,Moda,Novo,Cartao,3,97.6,0.0,292.8
1109,69,BA,Livros,Recorrente,Boleto,4,53.81,0.05,204.48
1110,27,PR,Casa,VIP,Pix,5,242.8,0.15,1031.9
1111,38,SP,Eletronicos,Novo,Cartao,1,606.0,0.0,606.0
1112,49,RJ,Esporte,Recorrente,Boleto,2,188.26,0.05,357.69
1113,60,MG,Moda,VIP,Pix,3,86.49,0.15,220.55
1114,18,BA,Livros,Novo,Cartao,4,59.8,0.0,239.2
1115,29,PR,Casa,Recorrente,Boleto,5,264.0,0.05,1254.0
1116,40,SP,Eletronicos,VIP,Pix,1,535.08,0.15,454.82
1117,51,RJ,Esporte,Novo,Cartao,2,200.8,0.0,401.6
1118,62,MG,Moda,Recorrente,Boleto,3,97.72,0.05,278.5
1119,20,BA,Livros,VIP,Pix,4,55.62,0.15,189.11
1120,31,PR,Casa,Novo,Cartao,5,280.0,0.0,1400.0
1121,42,SP,Eletronicos,Recorrente,Boleto,1,581.2,0.05,552.14
1122,53,RJ,Esporte,VIP,Pix,2,180.9,0.15,307.53
1123,64,MG,Moda,Novo,Cartao,3,106.6,0.0,319.8
1124,22,BA,Livros,Recorrente,Boleto,4,62.81,0.05,238.68
1125,33,PR,Casa,VIP,Pix,5,210.8,0.15,895.9
1126,44,SP,Eletronicos,Novo,Cartao,1,615.0,0.0,615.0
1127,55,RJ,Esporte,Recorrente,Boleto,2,197.26,0.05,374.79
1128,66,MG,Moda,VIP,Pix,3,95.49,0.15,243.5
1129,24,BA,Livros,Novo,Cartao,4,68.8,0.0,275.2
1130,35,PR,Casa,Recorrente,Boleto,5,232.0,0.05,1102.0
1131,46,SP,Eletronicos,VIP,Pix,1,544.08,0.15,462.47
1132,57,RJ,Esporte,Novo,Cartao,2,209.8,0.0,419.6
1133,68,MG,Moda,Recorrente,Boleto,3,106.72,0.05,304.15
1134,26,BA,Livros,VIP,Pix,4,64.62,0.15,219.71
1135,37,PR,Casa,Novo,Cartao,5,248.0,0.0,1240.0
1136,48,SP,Eletronicos,Recorrente,Boleto,1,590.2,0.05,560.69
1137,59,RJ,Esporte,VIP,Pix,2,148.9,0.15,253.13
1138,70,MG,Moda,Novo,Cartao,3,115.6,0.0,346.8
1139,28,BA,Livros,Recorrente,Boleto,4,71.81,0.05,272.88
1140,39,PR,Casa,VIP,Pix,5,219.8,0.15,934.15
1141,50,SP,Eletronicos,Novo,Cartao,1,624.0,0.0,624.0
1142,61,RJ,Esporte,Recorrente,Boleto,2,165.26,0.05,313.99
1143,19,MG,Moda,VIP,Pix,3,104.49,0.15,266.45
1144,30,BA,Livros,Novo,Cartao,4,77.8,0.0,311.2
1145,41,PR,Casa,Recorrente,Boleto,5,241.0,0.05,1144.75
1146,52,SP,Eletronicos,VIP,Pix,1,553.08,0.15,470.12
1147,63,RJ,Esporte,Novo,Cartao,2,177.8,0.0,355.6
1148,21,MG,Moda,Recorrente,Boleto,3,115.72,0.05,329.8
1149,32,BA,Livros,VIP,Pix,4,32.62,0.15,110.91
1150,43,PR,Casa,Novo,Cartao,5,257.0,0.0,1285.0
1151,54,SP,Eletronicos,Recorrente,Boleto,1,599.2,0.05,569.24
1152,65,RJ,Esporte,VIP,Pix,2,157.9,0.15,268.43
1153,23,MG,Moda,Novo,Cartao,3,124.6,0.0,373.8
1154,34,BA,Livros,Recorrente,Boleto,4,39.81,0.05,151.28
1155,45,PR,Casa,VIP,Pix,5,228.8,0.15,972.4
1156,56,SP,Eletronicos,Novo,Cartao,1,633.0,0.0,633.0
1157,67,RJ,Esporte,Recorrente,Boleto,2,174.26,0.05,331.09
1158,25,MG,Moda,VIP,Pix,3,113.49,0.15,289.4
1159,36,BA,Livros,Novo,Cartao,4,45.8,0.0,183.2
1160,47,PR,Casa,Recorrente,Boleto,5,250.0,0.05,1187.5
1161,58,SP,Eletronicos,VIP,Pix,1,562.08,0.15,477.77
1162,69,RJ,Esporte,Novo,Cartao,2,186.8,0.0,373.6
1163,27,MG,Moda,Recorrente,Boleto,3,124.72,0.05,355.45
1164,38,BA,Livros,VIP,Pix,4,41.62,0.15,141.51
1165,49,PR,Casa,Novo,Cartao,5,266.0,0.0,1330.0
1166,60,SP,Eletronicos,Recorrente,Boleto,1,567.2,0.05,538.84
1167,18,RJ,Esporte,VIP,Pix,2,166.9,0.15,283.73
1168,29,MG,Moda,Novo,Cartao,3,133.6,0.0,400.8
1169,40,BA,Livros,Recorrente,Boleto,4,48.81,0.05,185.48
1170,51,PR,Casa,VIP,Pix,5,237.8,0.15,1010.65
1171,62,SP,Eletronicos,Novo,Cartao,1,601.0,0.0,601.0
1172,20,RJ,Esporte,Recorrente,Boleto,2,183.26,0.05,348.19
1173,31,MG,Moda,VIP,Pix,3,122.49,0.15,312.35
1174,42,BA,Livros,Novo,Cartao,4,54.8,0.0,219.2
1175,53,PR,Casa,Recorrente,Boleto,5,259.0,0.05,1230.25
1176,64,SP,Eletronicos,VIP,Pix,1,530.08,0.15,450.57
1177,22,RJ,Esporte,Novo,Cartao,2,195.8,0.0,391.6
1178,33,MG,Moda,Recorrente,Boleto,3,92.72,0.05,264.25
1179,44,BA,Livros,VIP,Pix,4,50.62,0.15,172.11
1180,55,PR,Casa,Novo,Cartao,5,275.0,0.0,1375.0
1181,66,SP,Eletronicos,Recorrente,Boleto,1,576.2,0.05,547.39
1182,24,RJ,Esporte,VIP,Pix,2,175.9,0.15,299.03
1183,35,MG,Moda,Novo,Cartao,3,101.6,0.0,304.8
1184,46,BA,Livros,Recorrente,Boleto,4,57.81,0.05,219.68
1185,57,PR,Casa,VIP,Pix,5,246.8,0.15,1048.9
1186,68,SP,Eletronicos,Novo,Cartao,1,610.0,0.0,610.0
1187,26,RJ,Esporte,Recorrente,Boleto,2,192.26,0.05,365.29
1188,37,MG,Moda,VIP,Pix,3,90.49,0.15,230.75
1189,48,BA,Livros,Novo,Cartao,4,63.8,0.0,255.2
1190,59,PR,Casa,Recorrente,Boleto,5,227.0,0.05,1078.25
1191,70,SP,Eletronicos,VIP,Pix,1,539.08,0.15,458.22
1192,28,RJ,Esporte,Novo,Cartao,2,204.8,0.0,409.6
1193,39,MG,Moda,Recorrente,Boleto,3,101.72,0.05,289.9
1194,50,BA,Livros,VIP,Pix,4,59.62,0.15,202.71
1195,61,PR,Casa,Novo,Cartao,5,243.0,0.0,1215.0
1196,19,SP,Eletronicos,Recorrente,Boleto,1,585.2,0.05,555.94
1197,30,RJ,Esporte,VIP,Pix,2,184.9,0.15,314.33
1198,41,MG,Moda,Novo,Cartao,3,110.6,0.0,331.8
1199,52,BA,Livros,Recorrente,Boleto,4,66.81,0.05,253.88
1200,63,PR,Casa,VIP,Pix,5,214.8,0.15,912.9
1201,21,SP,Eletronicos,Novo,Cartao,1,619.0,0.0,619.0
1202,32,RJ,Esporte,Recorrente,Boleto,2,201.26,0.05,382.39
1203,43,MG,Moda,VIP,Pix,3,99.49,0.15,253.7
1204,54,BA,Livros,Novo,Cartao,4,72.8,0.0,291.2
1205,65,PR,Casa,Recorrente,Boleto,5,236.0,0.05,1121.0
1206,23,SP,Eletronicos,VIP,Pix,1,548.08,0.15,465.87
1207,34,RJ,Esporte,Novo,Cartao,2,172.8,0.0,345.6
1208,45,MG,Moda,Recorrente,Boleto,3,110.72,0.05,315.55
1209,56,BA,Livros,VIP,Pix,4,68.62,0.15,233.31
1210,67,PR,Casa,Novo,Cartao,5,252.0,0.0,1260.0
1211,25,SP,Eletronicos,Recorrente,Boleto,1,594.2,0.05,564.49
1212,36,RJ,Esporte,VIP,Pix,2,152.9,0.15,259.93
1213,47,MG,Moda,Novo,Cartao,3,119.6,0.0,358.8
1214,58,BA,Livros,Recorrente,Boleto,4,75.81,0.05,288.08
1215,69,PR,Casa,VIP,Pix,5,223.8,0.15,951.15
1216,27,SP,Eletronicos,Novo,Cartao,1,628.0,0.0,628.0
1217,38,RJ,Esporte,Recorrente,Boleto,2,169.26,0.05,321.59
1218,49,MG,Moda,VIP,Pix,3,108.49,0.15,276.65
1219,60,BA,Livros,Novo,Cartao,4,40.8,0.0,163.2
1220,18,PR,Casa,Recorrente,Boleto,5,245.0,0.05,1163.75
1221,29,SP,Eletronicos,VIP,Pix,1,557.08,0.15,473.52
1222,40,RJ,Esporte,Novo,Cartao,2,181.8,0.0,363.6
1223,51,MG,Moda,Recorrente,Boleto,3,119.72,0.05,341.2
1224,62,BA,Livros,VIP,Pix,4,36.62,0.15,124.51
1225,20,PR,Casa,Novo,Cartao,5,261.0,0.0,1305.0
1226,31,SP,Eletronicos,Recorrente,Boleto,1,603.2,0.05,573.04
1227,42,RJ,Esporte,VIP,Pix,2,161.9,0.15,275.23
1228,53,MG,Moda,Novo,Cartao,3,128.6,0.0,385.8
1229,64,BA,Livros,Recorrente,Boleto,4,43.81,0.05,166.48
1230,22,PR,Casa,VIP,Pix,5,232.8,0.15,989.4
1231,33,SP,Eletronicos,Novo,Cartao,1,596.0,0.0,596.0
1232,44,RJ,Esporte,Recorrente,Boleto,2,178.26,0.05,338.69
1233,55,MG,Moda,VIP,Pix,3,117.49,0.15,299.6
1234,66,BA,Livros,Novo,Cartao,4,49.8,0.0,199.2
1235,24,PR,Casa,Recorrente,Boleto,5,254.0,0.05,1206.5
1236,35,SP,Eletronicos,VIP,Pix,1,525.08,0.15,446.32
1237,46,RJ,Esporte,Novo,Cartao,2,190.8,0.0,381.6
1238,57,MG,Moda,Recorrente,Boleto,3,128.72,0.05,366.85
1239,68,BA,Livros,VIP,Pix,4,45.62,0.15,155.11
1240,26,PR,Casa,Novo,Cartao,5,270.0,0.0,1350.0
1241,37,SP,Eletronicos,Recorrente,Boleto,1,571.2,0.05,542.64
1242,48,RJ,Esporte,VIP,Pix,2,170.9,0.15,290.53
1243,59,MG,Moda,Novo,Cartao,3,137.6,0.0,412.8
1244,70,BA,Livros,Recorrente,Boleto,4,52.81,0.05,200.68
1245,28,PR,Casa,VIP,Pix,5,241.8,0.15,1027.65
1246,39,SP,Eletronicos,Novo,Cartao,1,605.0,0.0,605.0
1247,50,RJ,Esporte,Recorrente,Boleto,2,187.26,0.05,355.79
1248,61,MG,Moda,VIP,Pix,3,85.49,0.15,218.0
1249,19,BA,Livros,Novo,Cartao,4,58.8,0.0,235.2
1250,30,PR,Casa,Recorrente,Boleto,5,263.0,0.05,1249.25
1251,41,SP,Eletronicos,VIP,Pix,1,534.08,0.15,453.97
1252,52,RJ,Esporte,Novo,Cartao,2,199.8,0.0,399.6
1253,63,MG,Moda,Recorrente,Boleto,3,96.72,0.05,275.65
1254,21,BA,Livros,VIP,Pix,4,54.62,0.15,185.71
1255,32,PR,Casa,Novo,Cartao,5,279.0,0.0,1395.0
1256,43,SP,Eletronicos,Recorrente,Boleto,1,580.2,0.05,551.19
1257,54,RJ,Esporte,VIP,Pix,2,179.9,0.15,305.83
1258,65,MG,Moda,Novo,Cartao,3,105.6,0.0,316.8
1259,23,BA,Livros,Recorrente,Boleto,4,61.81,0.05,234.88
1260,34,PR,Casa,VIP,Pix,5,209.8,0.15,891.65
1261,45,SP,Eletronicos,Novo,Cartao,1,614.0,0.0,614.0
1262,56,RJ,Esporte,Recorrente,Boleto,2,196.26,0.05,372.89
1263,67,MG,Moda,VIP,Pix,3,94.49,0.15,240.95
1264,25,BA,Livros,Novo,Cartao,4,67.8,0.0,271.2
1265,36,PR,Casa,Recorrente,Boleto,5,231.0,0.05,1097.25
1266,47,SP,Eletronicos,VIP,Pix,1,543.08,0.15,461.62
1267,58,RJ,Esporte,Novo,Cartao,2,208.8,0.0,417.6
1268,69,MG,Moda,Recorrente,Boleto,3,105.72,0.05,301.3
1269,27,BA,Livros,VIP,Pix,4,63.62,0.15,216.31
1270,38,PR,Casa,Novo,Cartao,5,247.0,0.0,1235.0
1271,49,SP,Eletronicos,Recorrente,Boleto,1,589.2,0.05,559.74
1272,60,RJ,Esporte,VIP,Pix,2,147.9,0.15,251.43
1273,18,MG,Moda,Novo,Cartao,3,114.6,0.0,343.8
1274,29,BA,Livros,Recorrente,Boleto,4,70.81,0.05,269.08
1275,40,PR,Casa,VIP,Pix,5,218.8,0.15,929.9
1276,51,SP,Eletronicos,Novo,Cartao,1,623.0,0.0,623.0
1277,62,RJ,Esporte,Recorrente,Boleto,2,164.26,0.05,312.09
1278,20,MG,Moda,VIP,Pix,3,103.49,0.15,263.9
1279,31,BA,Livros,Novo,Cartao,4,76.8,0.0,307.2
1280,42,PR,Casa,Recorrente,Boleto,5,240.0,0.05,1140.0
1281,53,SP,Eletronicos,VIP,Pix,1,552.08,0.15,469.27
1282,64,RJ,Esporte,Novo,Cartao,2,176.8,0.0,353.6
1283,22,MG,Moda,Recorrente,Boleto,3,114.72,0.05,326.95
1284,33,BA,Livros,VIP,Pix,4,72.62,0.15,246.91
1285,44,PR,Casa,Novo,Cartao,5,256.0,0.0,1280.0
1286,55,SP,Eletronicos,Recorrente,Boleto,1,598.2,0.05,568.29
1287,66,RJ,Esporte,VIP,Pix,2,156.9,0.15,266.73
1288,24,MG,Moda,Novo,Cartao,3,123.6,0.0,370.8
1289,35,BA,Livros,Recorrente,Boleto,4,38.81,0.05,147.48
1290,46,PR,Casa,VIP,Pix,5,227.8,0.15,968.15
1291,57,SP,Eletronicos,Novo,Cartao,1,632.0,0.0,632.0
1292,68,RJ,Esporte,Recorrente,Boleto,2,173.26,0.05,329.19
1293,26,MG,Moda,VIP,Pix,3,112.49,0.15,286.85
1294,37,BA,Livros,Novo,Cartao,4,44.8,0.0,179.2
1295,48,PR,Casa,Recorrente,Boleto,5,249.0,0.05,1182.75
1296,59,SP,Eletronicos,VIP,Pix,1,561.08,0.15,476.92
1297,70,RJ,Esporte,Novo,Cartao,2,185.8,0.0,371.6
1298,28,MG,Moda,Recorrente,Boleto,3,123.72,0.05,352.6
1299,39,BA,Livros,VIP,Pix,4,40.62,0.15,138.11
1300,50,PR,Casa,Novo,Cartao,5,265.0,0.0,1325.0
1301,61,SP,Eletronicos,Recorrente,Boleto,1,566.2,0.05,537.89
1302,19,RJ,Esporte,VIP,Pix,2,165.9,0.15,282.03
1303,30,MG,Moda,Novo,Cartao,3,132.6,0.0,397.8
1304,41,BA,Livros,Recorrente,Boleto,4,47.81,0.05,181.68
1305,52,PR,Casa,VIP,Pix,5,236.8,0.15,1006.4
1306,63,SP,Eletronicos,Novo,Cartao,1,600.0,0.0,600.0
1307,21,RJ,Esporte,Recorrente,Boleto,2,182.26,0.05,346.29
1308,32,MG,Moda,VIP,Pix,3,121.49,0.15,309.8
1309,43,BA,Livros,Novo,Cartao,4,53.8,0.0,215.2
1310,54,PR,Casa,Recorrente,Boleto,5,258.0,0.05,1225.5
1311,65,SP,Eletronicos,VIP,Pix,1,529.08,0.15,449.72
1312,23,RJ,Esporte,Novo,Cartao,2,194.8,0.0,389.6
1313,34,MG,Moda,Recorrente,Boleto,3,91.72,0.05,261.4
1314,45,BA,Livros,VIP,Pix,4,49.62,0.15,168.71
1315,56,PR,Casa,Novo,Cartao,5,274.0,0.0,1370.0
1316,67,SP,Eletronicos,Recorrente,Boleto,1,575.2,0.05,546.44
1317,25,RJ,Esporte,VIP,Pix,2,174.9,0.15,297.33
1318,36,MG,Moda,Novo,Cartao,3,100.6,0.0,301.8
1319,47,BA,Livros,Recorrente,Boleto,4,56.81,0.05,215.88
1320,58,PR,Casa,VIP,Pix,5,245.8,0.15,1044.65
1321,69,SP,Eletronicos,Novo,Cartao,1,609.0,0.0,609.0
1322,27,RJ,Esporte,Recorrente,Boleto,2,191.26,0.05,363.39
1323,38,MG,Moda,VIP,Pix,3,89.49,0.15,228.2
1324,49,BA,Livros,Novo,Cartao,4,62.8,0.0,251.2
1325,60,PR,Casa,Recorrente,Boleto,5,267.0,0.05,1268.25
1326,18,SP,Eletronicos,VIP,Pix,1,538.08,0.15,457.37
1327,29,RJ,Esporte,Novo,Cartao,2,203.8,0.0,407.6
1328,40,MG,Moda,Recorrente,Boleto,3,100.72,0.05,287.05
1329,51,BA,Livros,VIP,Pix,4,58.62,0.15,199.31
1330,62,PR,Casa,Novo,Cartao,5,242.0,0.0,1210.0
1331,20,SP,Eletronicos,Recorrente,Boleto,1,584.2,0.05,554.99
1332,31,RJ,Esporte,VIP,Pix,2,183.9,0.15,312.63
1333,42,MG,Moda,Novo,Cartao,3,109.6,0.0,328.8
1334,53,BA,Livros,Recorrente,Boleto,4,65.81,0.05,250.08
1335,64,PR,Casa,VIP,Pix,5,213.8,0.15,908.65
1336,22,SP,Eletronicos,Novo,Cartao,1,618.0,0.0,618.0
1337,33,RJ,Esporte,Recorrente,Boleto,2,200.26,0.05,380.49
1338,44,MG,Moda,VIP,Pix,3,98.49,0.15,251.15
1339,55,BA,Livros,Novo,Cartao,4,71.8,0.0,287.2
1340,66,PR,Casa,Recorrente,Boleto,5,235.0,0.05,1116.25
1341,24,SP,Eletronicos,VIP,Pix,1,547.08,0.15,465.02
1342,35,RJ,Esporte,Novo,Cartao,2,171.8,0.0,343.6
1343,46,MG,Moda,Recorrente,Boleto,3,109.72,0.05,312.7
1344,57,BA,Livros,VIP,Pix,4,67.62,0.15,229.91
1345,68,PR,Casa,Novo,Cartao,5,251.0,0.0,1255.0
1346,26,SP,Eletronicos,Recorrente,Boleto,1,593.2,0.05,563.54
1347,37,RJ,Esporte,VIP,Pix,2,151.9,0.15,258.23
1348,48,MG,Moda,Novo,Cartao,3,118.6,0.0,355.8
1349,59,BA,Livros,Recorrente,Boleto,4,74.81,0.05,284.28
1350,70,PR,Casa,VIP,Pix,5,222.8,0.15,946.9
1351,28,SP,Eletronicos,Novo,Cartao,1,627.0,0.0,627.0
1352,39,RJ,Esporte,Recorrente,Boleto,2,168.26,0.05,319.69
1353,50,MG,Moda,VIP,Pix,3,107.49,0.15,274.1
1354,61,BA,Livros,Novo,Cartao,4,39.8,0.0,159.2
1355,19,PR,Casa,Recorrente,Boleto,5,244.0,0.05,1159.0
1356,30,SP,Eletronicos,VIP,Pix,1,556.08,0.15,472.67
1357,41,RJ,Esporte,Novo,Cartao,2,180.8,0.0,361.6
1358,52,MG,Moda,Recorrente,Boleto,3,118.72,0.05,338.35
1359,63,BA,Livros,VIP,Pix,4,35.62,0.15,121.11
1360,21,PR,Casa,Novo,Cartao,5,260.0,0.0,1300.0
1361,32,SP,Eletronicos,Recorrente,Boleto,1,602.2,0.05,572.09
1362,43,RJ,Esporte,VIP,Pix,2,160.9,0.15,273.53
1363,54,MG,Moda,Novo,Cartao,3,127.6,0.0,382.8
1364,65,BA,Livros,Recorrente,Boleto,4,42.81,0.05,162.68
1365,23,PR,Casa,VIP,Pix,5,231.8,0.15,985.15
1366,34,SP,Eletronicos,Novo,Cartao,1,636.0,0.0,636.0
1367,45,RJ,Esporte,Recorrente,Boleto,2,177.26,0.05,336.79
1368,56,MG,Moda,VIP,Pix,3,116.49,0.15,297.05
1369,67,BA,Livros,Novo,Cartao,4,48.8,0.0,195.2
1370,25,PR,Casa,Recorrente,Boleto,5,253.0,0.05,1201.75
1371,36,SP,Eletronicos,VIP,Pix,1,524.08,0.15,445.47
1372,47,RJ,Esporte,Novo,Cartao,2,189.8,0.0,379.6
1373,58,MG,Moda,Recorrente,Boleto,3,127.72,0.05,364.0
1374,69,BA,Livros,VIP,Pix,4,44.62,0.15,151.71
1375,27,PR,Casa,Novo,Cartao,5,269.0,0.0,1345.0
1376,38,SP,Eletronicos,Recorrente,Boleto,1,570.2,0.05,541.69
1377,49,RJ,Esporte,VIP,Pix,2,169.9,0.15,288.83
1378,60,MG,Moda,Novo,Cartao,3,136.6,0.0,409.8
1379,18,BA,Livros,Recorrente,Boleto,4,51.81,0.05,196.88
1380,29,PR,Casa,VIP,Pix,5,240.8,0.15,1023.4
1381,40,SP,Eletronicos,Novo,Cartao,1,604.0,0.0,604.0
1382,51,RJ,Esporte,Recorrente,Boleto,2,186.26,0.05,353.89
1383,62,MG,Moda,VIP,Pix,3,84.49,0.15,215.45
1384,20,BA,Livros,Novo,Cartao,4,57.8,0.0,231.2
1385,31,PR,Casa,Recorrente,Boleto,5,262.0,0.05,1244.5
1386,42,SP,Eletronicos,VIP,Pix,1,533.08,0.15,453.12
1387,53,RJ,Esporte,Novo,Cartao,2,198.8,0.0,397.6
1388,64,MG,Moda,Recorrente,Boleto,3,95.72,0.05,272.8
1389,22,BA,Livros,VIP,Pix,4,53.62,0.15,182.31
1390,33,PR,Casa,Novo,Cartao,5,278.0,0.0,1390.0
1391,44,SP,Eletronicos,Recorrente,Boleto,1,579.2,0.05,550.24
1392,55,RJ,Esporte,VIP,Pix,2,178.9,0.15,304.13
1393,66,MG,Moda,Novo,Cartao,3,104.6,0.0,313.8
1394,24,BA,Livros,Recorrente,Boleto,4,60.81,0.05,231.08
1395,35,PR,Casa,VIP,Pix,5,208.8,0.15,887.4
1396,46,SP,Eletronicos,Novo,Cartao,1,613.0,0.0,613.0
1397,57,RJ,Esporte,Recorrente,Boleto,2,195.26,0.05,370.99
1398,68,MG,Moda,VIP,Pix,3,93.49,0.15,238.4
1399,26,BA,Livros,Novo,Cartao,4,66.8,0.0,267.2
1400,37,PR,Casa,Recorrente,Boleto,5,230.0,0.05,1092.5
1401,48,SP,Eletronicos,VIP,Pix,1,542.08,0.15,460.77
1402,59,RJ,Esporte,Novo,Cartao,2,207.8,0.0,415.6
1403,70,MG,Moda,Recorrente,Boleto,3,104.72,0.05,298.45
1404,28,BA,Livros,VIP,Pix,4,62.62,0.15,212.91
1405,39,PR,Casa,Novo,Cartao,5,246.0,0.0,1230.0
1406,50,SP,Eletronicos,Recorrente,Boleto,1,588.2,0.05,558.79
1407,61,RJ,Esporte,VIP,Pix,2,187.9,0.15,319.43
1408,19,MG,Moda,Novo,Cartao,3,113.6,0.0,340.8
1409,30,BA,Livros,Recorrente,Boleto,4,69.81,0.05,265.28
1410,41,PR,Casa,VIP,Pix,5,217.8,0.15,925.65
1411,52,SP,Eletronicos,Novo,Cartao,1,622.0,0.0,622.0
1412,63,RJ,Esporte,Recorrente,Boleto,2,163.26,0.05,310.19
1413,21,MG,Moda,VIP,Pix,3,102.49,0.15,261.35
1414,32,BA,Livros,Novo,Cartao,4,75.8,0.0,303.2
1415,43,PR,Casa,Recorrente,Boleto,5,239.0,0.05,1135.25
1416,54,SP,Eletronicos,VIP,Pix,1,551.08,0.15,468.42
1417,65,RJ,Esporte,Novo,Cartao,2,175.8,0.0,351.6
1418,23,MG,Moda,Recorrente,Boleto,3,113.72,0.05,324.1
1419,34,BA,Livros,VIP,Pix,4,71.62,0.15,243.51
1420,45,PR,Casa,Novo,Cartao,5,255.0,0.0,1275.0
1421,56,SP,Eletronicos,Recorrente,Boleto,1,597.2,0.05,567.34
1422,67,RJ,Esporte,VIP,Pix,2,155.9,0.15,265.03
1423,25,MG,Moda,Novo,Cartao,3,122.6,0.0,367.8
1424,36,BA,Livros,Recorrente,Boleto,4,37.81,0.05,143.68
1425,47,PR,Casa,VIP,Pix,5,226.8,0.15,963.9
1426,58,SP,Eletronicos,Novo,Cartao,1,631.0,0.0,631.0
1427,69,RJ,Esporte,Recorrente,Boleto,2,172.26,0.05,327.29
1428,27,MG,Moda,VIP,Pix,3,111.49,0.15,284.3
1429,38,BA,Livros,Novo,Cartao,4,43.8,0.0,175.2
1430,49,PR,Casa,Recorrente,Boleto,5,248.0,0.05,1178.0
1431,60,SP,Eletronicos,VIP,Pix,1,560.08,0.15,476.07
1432,18,RJ,Esporte,Novo,Cartao,2,184.8,0.0,369.6
1433,29,MG,Moda,Recorrente,Boleto,3,122.72,0.05,349.75
1434,40,BA,Livros,VIP,Pix,4,39.62,0.15,134.71
1435,51,PR,Casa,Novo,Cartao,5,264.0,0.0,1320.0
1436,62,SP,Eletronicos,Recorrente,Boleto,1,565.2,0.05,536.94
1437,20,RJ,Esporte,VIP,Pix,2,164.9,0.15,280.33
1438,31,MG,Moda,Novo,Cartao,3,131.6,0.0,394.8
1439,42,BA,Livros,Recorrente,Boleto,4,46.81,0.05,177.88
1440,53,PR,Casa,VIP,Pix,5,235.8,0.15,1002.15
1441,64,SP,Eletronicos,Novo,Cartao,1,599.0,0.0,599.0
1442,22,RJ,Esporte,Recorrente,Boleto,2,181.26,0.05,344.39
1443,33,MG,Moda,VIP,Pix,3,120.49,0.15,307.25
1444,44,BA,Livros,Novo,Cartao,4,52.8,0.0,211.2
1445,55,PR,Casa,Recorrente,Boleto,5,257.0,0.05,1220.75
1446,66,SP,Eletronicos,VIP,Pix,1,528.08,0.15,448.87
1447,24,RJ,Esporte,Novo,Cartao,2,193.8,0.0,387.6
1448,35,MG,Moda,Recorrente,Boleto,3,131.72,0.05,375.4
1449,46,BA,Livros,VIP,Pix,4,48.62,0.15,165.31
1450,57,PR,Casa,Novo,Cartao,5,273.0,0.0,1365.0
1451,68,SP,Eletronicos,Recorrente,Boleto,1,574.2,0.05,545.49
1452,26,RJ,Esporte,VIP,Pix,2,173.9,0.15,295.63
1453,37,MG,Moda,Novo,Cartao,3,99.6,0.0,298.8
1454,48,BA,Livros,Recorrente,Boleto,4,55.81,0.05,212.08
1455,59,PR,Casa,VIP,Pix,5,244.8,0.15,1040.4
1456,70,SP,Eletronicos,Novo,Cartao,1,608.0,0.0,608.0
1457,28,RJ,Esporte,Recorrente,Boleto,2,190.26,0.05,361.49
1458,39,MG,Moda,VIP,Pix,3,88.49,0.15,225.65
1459,50,BA,Livros,Novo,Cartao,4,61.8,0.0,247.2
1460,61,PR,Casa,Recorrente,Boleto,5,266.0,0.05,1263.5
1461,19,SP,Eletronicos,VIP,Pix,1,537.08,0.15,456.52
1462,30,RJ,Esporte,Novo,Cartao,2,202.8,0.0,405.6
1463,41,MG,Moda,Recorrente,Boleto,3,99.72,0.05,284.2
1464,52,BA,Livros,VIP,Pix,4,57.62,0.15,195.91
1465,63,PR,Casa,Novo,Cartao,5,241.0,0.0,1205.0
1466,21,SP,Eletronicos,Recorrente,Boleto,1,583.2,0.05,554.04
1467,32,RJ,Esporte,VIP,Pix,2,182.9,0.15,310.93
1468,43,MG,Moda,Novo,Cartao,3,108.6,0.0,325.8
1469,54,BA,Livros,Recorrente,Boleto,4,64.81,0.05,246.28
1470,65,PR,Casa,VIP,Pix,5,212.8,0.15,904.4
1471,23,SP,Eletronicos,Novo,Cartao,1,617.0,0.0,617.0
1472,34,RJ,Esporte,Recorrente,Boleto,2,199.26,0.05,378.59
1473,45,MG,Moda,VIP,Pix,3,97.49,0.15,248.6
1474,56,BA,Livros,Novo,Cartao,4,70.8,0.0,283.2
1475,67,PR,Casa,Recorrente,Boleto,5,234.0,0.05,1111.5
1476,25,SP,Eletronicos,VIP,Pix,1,546.08,0.15,464.17
1477,36,RJ,Esporte,Novo,Cartao,2,170.8,0.0,341.6
1478,47,MG,Moda,Recorrente,Boleto,3,108.72,0.05,309.85
1479,58,BA,Livros,VIP,Pix,4,66.62,0.15,226.51
1480,69,PR,Casa,Novo,Cartao,5,250.0,0.0,1250.0
1481,27,SP,Eletronicos,Recorrente,Boleto,1,592.2,0.05,562.59
1482,38,RJ,Esporte,VIP,Pix,2,150.9,0.15,256.53
1483,49,MG,Moda,Novo,Cartao,3,117.6,0.0,352.8
1484,60,BA,Livros,Recorrente,Boleto,4,73.81,0.05,280.48
1485,18,PR,Casa,VIP,Pix,5,221.8,0.15,942.65
1486,29,SP,Eletronicos,Novo,Cartao,1,626.0,0.0,626.0
1487,40,RJ,Esporte,Recorrente,Boleto,2,167.26,0.05,317.79
1488,51,MG,Moda,VIP,Pix,3,106.49,0.15,271.55
1489,62,BA,Livros,Novo,Cartao,4,79.8,0.0,319.2
1490,20,PR,Casa,Recorrente,Boleto,5,243.0,0.05,1154.25
1491,31,SP,Eletronicos,VIP,Pix,1,555.08,0.15,3774.56
1492,42,RJ,Esporte,Novo,Cartao,2,179.8,0.0,2876.8
1493,53,MG,Moda,Recorrente,Boleto,3,117.72,0.05,2684.0
1494,64,BA,Livros,VIP,Pix,4,34.62,0.15,117.71
1495,22,PR,Casa,Novo,Cartao,5,259.0,0.0,1295.0
1496,33,SP,Eletronicos,Recorrente,Boleto,1,601.2,0.05,571.14
1497,44,RJ,Esporte,VIP,Pix,2,159.9,0.15,271.83
1498,55,MG,Moda,Novo,Cartao,3,126.6,0.0,379.8
1499,66,BA,Livros,Recorrente,Boleto,4,41.81,0.05,158.88
1500,24,PR,Casa,VIP,Pix,5,230.8,0.15,980.9
